id,source_id,source_name,title,url,author,published_at,first_seen_at,last_checked_at,language,excerpt,word_count,geography,parties,persons,topics,relevance,stances,event_id,stance_analyzed_at
f9b50b82701eb3aa,machahid,مشاهد أنفو,انتخاب سناء فوزي كاتبة لفرع فدرالية اليسار بأكادير - مشاهد أنفو,https://machahid.info/306769.html,,,2026-07-15T19:06:19.945226+01:00,2026-07-15T21:28:33.259955+00:00,ar,انعقد، مساء اليوم السبت 2 مارس 2024 الجمع العام التأسيسي لحزب فدرالية اليسار الديمقراطي بأگادير. وأسفر الجمع العام عن انتخاب مكتب الفرع الإقليمي للحزب بأگادير,146,"{""region"": ""سوس ماسة"", ""primary_provinces"": [""أكادير إداوتنان""], ""primary_places"": [""أكادير""], ""secondary_provinces"": [], ""secondary_places"": []}","{""primary"": [{""id"": ""FGD"", ""name"": ""فيدرالية اليسار الديمقراطي""}], ""secondary"": []}","{""primary"": [{""id"": ""person_048"", ""name"": ""سناء فوزي"", ""tier"": ""secondary""}], ""secondary"": []}","{""primary"": [], ""secondary"": [{""id"": ""party_activity"", ""name"": ""الأنشطة والتنظيمات الحزبية"", ""hits"": [""الفرع الإقليمي""]}]}","{""level"": ""medium"", ""geographic_score"": 4, ""political_score"": 3, ""decision_reason"": ""صلة جغرافية وسياسية مقبولة"", ""geographic_reasons"": [""إقليم رئيسي داخل سوس ماسة"", ""مدينة أو مكان رئيسي داخل سوس ماسة""], ""political_reasons"": [""أحزاب رئيسية: فيدرالية اليسار الديمقراطي"", ""شخصيات رئيسية: سناء فوزي""], ""accepted"": true}","[{""target_id"": ""FGD"", ""target_type"": ""party"", ""target_name"": ""فيدرالية اليسار الديمقراطي"", ""label"": ""neutral"", ""label_ar"": ""محايد أو إخباري"", ""confidence"": ""low"", ""positive_score"": 0, ""negative_score"": 0, ""mention_count"": 1, ""editorial_segment_count"": 1, ""reported_segment_count"": 0, ""evidence"": []}, {""target_id"": ""person_048"", ""target_type"": ""person"", ""target_name"": ""سناء فوزي"", ""label"": ""neutral"", ""label_ar"": ""محايد أو إخباري"", ""confidence"": ""medium"", ""positive_score"": 0, ""negative_score"": 0, ""mention_count"": 1, ""editorial_segment_count"": 1, ""reported_segment_count"": 0, ""evidence"": []}]",evt_f9b50b82701e,2026-07-15T19:40:43.965972+00:00
d172859631ec925b,agadir24,أكادير24,"حسن أيت داود يعلن استقالته ويلتحق بـ ""الكتاب"" مرشحاً لتشريعيات تارودانت الشمالية",https://agadir24.info/%d8%ad%d8%b3%d9%86-%d8%a3%d9%8a%d8%aa-%d8%af%d8%a7%d9%88%d8%af-%d9%8a%d8%b9%d9%84%d9%86-%d8%a7%d8%b3%d8%aa%d9%82%d8%a7%d9%84%d8%aa%d9%87-%d9%88%d9%8a%d9%84%d8%aa%d8%ad%d9%82-%d8%a8%d9%80-%d8%a7.html,أكادير,2026-07-13,2026-07-15T18:54:30.124058+01:00,2026-07-15T21:28:33.259955+00:00,ar,وجه الفاعل السياسي والجمعوي حسن أيت داود، النائب الأول لرئيس المجلس الجماعي لإغرم سابقاً، بياناً هاماً وموجهاً بصفة مباشرة إلى ساكنة جماعة إغرم وعموم المواطنات…,281,"{""region"": ""سوس ماسة"", ""primary_provinces"": [""تارودانت""], ""primary_places"": [""إغرم""], ""secondary_provinces"": [], ""secondary_places"": []}","{""primary"": [{""id"": ""RNI"", ""name"": ""التجمع الوطني للأحرار""}, {""id"": ""PPS"", ""name"": ""حزب التقدم والاشتراكية""}], ""secondary"": []}","{""primary"": [{""name"": ""حسن أيت داود"", ""tier"": ""secondary"", ""province"": ""تارودانت""}], ""secondary"": []}","{""primary"": [{""id"": ""resignation_defection"", ""name"": ""الاستقالة وتغيير الانتماء""}, {""id"": ""elections"", ""name"": ""الانتخابات والاقتراع""}, {""id"": ""candidacy_nomination"", ""name"": ""الترشح والتزكية""}, {""id"": ""elected_councils"", ""name"": ""المجالس المنتخبة والتدبير المحلي""}], ""secondary"": [{""id"": ""electoral_campaign"", ""name"": ""الحملة الانتخابية""}, {""id"": ""political_statements"", ""name"": ""التصريحات والمواقف السياسية""}]}","{""level"": ""strong"", ""geographic_score"": 4, ""political_score"": 7, ""decision_reason"": ""صلة جغرافية وسياسية قوية"", ""geographic_reasons"": [""إقليم أو مكان رئيسي داخل سوس ماسة"", ""شخصية جهوية أو محلية: حسن أيت داود""], ""political_reasons"": [""أحزاب رئيسية: التجمع الوطني للأحرار، حزب التقدم والاشتراكية"", ""موضوع سياسي رئيسي: الاستقالة وتغيير الانتماء، الانتخابات والاقتراع، الترشح والتزكية، المجالس المنتخبة والتدبير المحلي"", ""وجود شخصية سياسية معروفة""], ""accepted"": true}","[{""target_id"": ""RNI"", ""target_type"": ""party"", ""target_name"": ""التجمع الوطني للأحرار"", ""label"": ""neutral"", ""label_ar"": ""محايد أو إخباري"", ""confidence"": ""low"", ""positive_score"": 0, ""negative_score"": 0, ""mention_count"": 1, ""editorial_segment_count"": 1, ""reported_segment_count"": 0, ""evidence"": []}, {""target_id"": ""PPS"", ""target_type"": ""party"", ""target_name"": ""حزب التقدم والاشتراكية"", ""label"": ""neutral"", ""label_ar"": ""محايد أو إخباري"", ""confidence"": ""medium"", ""positive_score"": 0, ""negative_score"": 0, ""mention_count"": 3, ""editorial_segment_count"": 3, ""reported_segment_count"": 0, ""evidence"": []}, {""target_id"": ""person_080"", ""target_type"": ""person"", ""target_name"": ""حسن أيت داود"", ""label"": ""neutral"", ""label_ar"": ""محايد أو إخباري"", ""confidence"": ""medium"", ""positive_score"": 0, ""negative_score"": 0, ""mention_count"": 4, ""editorial_segment_count"": 4, ""reported_segment_count"": 0, ""evidence"": []}]",evt_05ca1379bfb2,2026-07-15T19:21:12.873514+01:00
bd6defa66ed79f3f,agadirinfo,أكادير أنفو,وزير الداخلية يعقد اجتماعين مع قادة الأحزاب السياسية حول الاستعدادات لانتخابات 23 شتنبر 2026 - أكادير انفو - Agadir info,https://agadirinfo.ma/133251.html,اكادير انفو,2026-07-13,2026-07-15T19:05:55.352099+00:00,2026-07-15T21:28:33.259955+00:00,ar,البولتيك بالمغربوزير الداخلية يعقد اجتماعين مع قادة الأحزاب السياسية حول الاستعدادات لانتخابات 23 شتنبر 2026 عقد وزير الداخلية، اليوم الثلاثاء اجتماعين في إطار الاستعداد للانتخابات,371,"{""region"": ""سوس ماسة"", ""primary_provinces"": [""أكادير إداوتنان""], ""primary_places"": [""أكادير""], ""secondary_provinces"": [], ""secondary_places"": []}","{""primary"": [], ""secondary"": []}","{""primary"": [], ""secondary"": []}","{""primary"": [{""id"": ""elections"", ""name"": ""الانتخابات والاقتراع"", ""hits"": [""انتخابات"", ""اللوائح الانتخابية""]}], ""secondary"": [{""id"": ""political_statements"", ""name"": ""التصريحات والمواقف السياسية"", ""hits"": [""بلاغ""]}]}","{""level"": ""medium"", ""geographic_score"": 4, ""political_score"": 3, ""decision_reason"": ""صلة جغرافية وسياسية مقبولة"", ""geographic_reasons"": [""إقليم رئيسي داخل سوس ماسة"", ""مدينة أو مكان رئيسي داخل سوس ماسة""], ""political_reasons"": [""مواضيع سياسية: الانتخابات والاقتراع""], ""accepted"": true}",[],evt_bd6defa66ed7,2026-07-15T19:40:43.965972+00:00
05ca1379bfb21a49,agadir24,أكادير24,"حسن أيت داود يعلن استقالته ويلتحق بـ ""الكتاب"" مرشحاً لتشريعيات تارودانت الشمالية | agadir24.info",https://agadir24.info/%D8%AD%D8%B3%D9%86-%D8%A3%D9%8A%D8%AA-%D8%AF%D8%A7%D9%88%D8%AF-%D9%8A%D8%B9%D9%84%D9%86-%D8%A7%D8%B3%D8%AA%D9%82%D8%A7%D9%84%D8%AA%D9%87-%D9%88%D9%8A%D9%84%D8%AA%D8%AD%D9%82-%D8%A8%D9%80-%D8%A7.html,أكادير,2026-07-12,2026-07-15T19:40:43.965972+00:00,2026-07-15T19:40:43.965972+00:00,ar,وجه الفاعل السياسي والجمعوي حسن أيت داود، النائب الأول لرئيس المجلس الجماعي لإغرم سابقاً، بياناً هاماً وموجهاً بصفة مباشرة إلى ساكنة جماعة إغرم وعموم المواطنات,281,"{""region"": ""سوس ماسة"", ""primary_provinces"": [""تارودانت""], ""primary_places"": [""تارودانت""], ""secondary_provinces"": [""أكادير إداوتنان""], ""secondary_places"": [""إغرم"", ""أكادير""]}","{""primary"": [{""id"": ""PPS"", ""name"": ""حزب التقدم والاشتراكية""}, {""id"": ""RNI"", ""name"": ""التجمع الوطني للأحرار""}], ""secondary"": []}","{""primary"": [{""id"": ""person_080"", ""name"": ""حسن أيت داود"", ""tier"": ""secondary""}], ""secondary"": []}","{""primary"": [{""id"": ""resignation_defection"", ""name"": ""الاستقالة وتغيير الانتماء"", ""hits"": [""استقالته"", ""يلتحق""]}, {""id"": ""elected_councils"", ""name"": ""المجالس المنتخبة والتدبير المحلي"", ""hits"": [""المجلس الجماعي"", ""رئيس المجلس""]}, {""id"": ""elections"", ""name"": ""الانتخابات والاقتراع"", ""hits"": [""تشريعيات"", ""انتخابات""]}, {""id"": ""candidacy_nomination"", ""name"": ""الترشح والتزكية"", ""hits"": [""مرشحا"", ""ترشحه""]}], ""secondary"": [{""id"": ""electoral_campaign"", ""name"": ""الحملة الانتخابية"", ""hits"": [""برنامج انتخابي""]}, {""id"": ""political_statements"", ""name"": ""التصريحات والمواقف السياسية"", ""hits"": [""أكد""]}]}","{""level"": ""strong"", ""geographic_score"": 4, ""political_score"": 7, ""decision_reason"": ""صلة جغرافية وسياسية قوية"", ""geographic_reasons"": [""إقليم رئيسي داخل سوس ماسة"", ""مدينة أو مكان رئيسي داخل سوس ماسة""], ""political_reasons"": [""أحزاب رئيسية: حزب التقدم والاشتراكية, التجمع الوطني للأحرار"", ""شخصيات رئيسية: حسن أيت داود"", ""مواضيع سياسية: الاستقالة وتغيير الانتماء, المجالس المنتخبة والتدبير المحلي, الانتخابات والاقتراع, الترشح والتزكية""], ""accepted"": true}","[{""target_id"": ""PPS"", ""target_type"": ""party"", ""target_name"": ""حزب التقدم والاشتراكية"", ""label"": ""neutral"", ""label_ar"": ""محايد أو إخباري"", ""confidence"": ""low"", ""positive_score"": 0, ""negative_score"": 0, ""mention_count"": 1, ""editorial_segment_count"": 0, ""reported_segment_count"": 1, ""evidence"": []}, {""target_id"": ""RNI"", ""target_type"": ""party"", ""target_name"": ""التجمع الوطني للأحرار"", ""label"": ""neutral"", ""label_ar"": ""محايد أو إخباري"", ""confidence"": ""low"", ""positive_score"": 0, ""negative_score"": 0, ""mention_count"": 1, ""editorial_segment_count"": 1, ""reported_segment_count"": 0, ""evidence"": []}, {""target_id"": ""person_080"", ""target_type"": ""person"", ""target_name"": ""حسن أيت داود"", ""label"": ""neutral"", ""label_ar"": ""محايد أو إخباري"", ""confidence"": ""medium"", ""positive_score"": 0, ""negative_score"": 0, ""mention_count"": 4, ""editorial_segment_count"": 4, ""reported_segment_count"": 0, ""evidence"": []}]",evt_05ca1379bfb2,2026-07-15T19:40:43.965972+00:00
009b96f2e6f98d45,agadirino,أكاديرينو,"حزب ""الأحرار"" بإنزكان يعزز هياكله الموازية بتأسيس تنسيقية إقليمية لأطر التعليم - agadirino.ma",https://agadirino.ma/2026/07/09/%D8%AD%D8%B2%D8%A8-%D8%A7%D9%84%D8%A3%D8%AD%D8%B1%D8%A7%D8%B1-%D8%A8%D8%A5%D9%86%D8%B2%D9%83%D8%A7%D9%86-%D9%8A%D8%B9%D8%B2%D8%B2-%D9%87%D9%8A%D8%A7%D9%83%D9%84%D9%87-%D8%A7%D9%84%D9%85%D9%88,Driss Driss,2026-07-08,2026-07-15T19:05:55.352099+00:00,2026-07-15T21:28:33.259955+00:00,ar,احتضن المقر الإقليمي لحزب التجمع الوطني للأحرار بإنزكان، أمس الأربعاء 8 يوليوز 2026، أشغال الجمع التأسيسي للتنسيقية الإقليمية لأطر التربية والتكوين التجمعيين، في محطة تنظيمية,228,"{""region"": ""سوس ماسة"", ""primary_provinces"": [""أكادير إداوتنان""], ""primary_places"": [""أكادير""], ""secondary_provinces"": [""إنزكان أيت ملول""], ""secondary_places"": [""إنزكان""]}","{""primary"": [{""id"": ""RNI"", ""name"": ""التجمع الوطني للأحرار""}], ""secondary"": []}","{""primary"": [], ""secondary"": []}","{""primary"": [], ""secondary"": [{""id"": ""political_statements"", ""name"": ""التصريحات والمواقف السياسية"", ""hits"": [""أكد""]}]}","{""level"": ""medium"", ""geographic_score"": 4, ""political_score"": 2, ""decision_reason"": ""صلة جغرافية وسياسية مقبولة"", ""geographic_reasons"": [""إقليم رئيسي داخل سوس ماسة"", ""مدينة أو مكان رئيسي داخل سوس ماسة""], ""political_reasons"": [""أحزاب رئيسية: التجمع الوطني للأحرار""], ""accepted"": true}","[{""target_id"": ""RNI"", ""target_type"": ""party"", ""target_name"": ""التجمع الوطني للأحرار"", ""label"": ""neutral"", ""label_ar"": ""محايد أو إخباري"", ""confidence"": ""medium"", ""positive_score"": 0, ""negative_score"": 0, ""mention_count"": 2, ""editorial_segment_count"": 2, ""reported_segment_count"": 0, ""evidence"": []}]",evt_009b96f2e6f9,2026-07-15T21:28:33.259955+00:00
bd8f1486aafbe47f,agadir24,أكادير24,حزب التقدم والاشتراكية بأكادير يفتح نقاشاً حول الحصيلة الحكومية ويؤكد جاهزيته للاستحقاقات المقبلة.,https://agadir24.info/%d8%ad%d8%b2%d8%a8-%d8%a7%d9%84%d8%aa%d9%82%d8%af%d9%85-%d9%88%d8%a7%d9%84%d8%a7%d8%b4%d8%aa%d8%b1%d8%a7%d9%83%d9%8a%d8%a9-%d8%a8%d8%a3%d9%83%d8%a7%d8%af%d9%8a%d8%b1.html,أكادير,2026-07-05,2026-07-15T18:54:30.124058+01:00,2026-07-15T21:28:33.259955+00:00,ar,احتضن مدرج الغرفة الفلاحية بمدينة أكادير مساء السبت 4 يوليوز 2026 لقاء تواصليا نظمه الفرع الإقليمي لحزب التقدم والاشتراكية بأكادير إداوتنان تحت شعار: “قراءة في…,286,"{""region"": ""سوس ماسة"", ""primary_provinces"": [""أكادير إداوتنان""], ""primary_places"": [""أكادير""], ""secondary_provinces"": [], ""secondary_places"": [""أورير"", ""الدراركة"", ""تغازوت""]}","{""primary"": [{""id"": ""PPS"", ""name"": ""حزب التقدم والاشتراكية""}], ""secondary"": []}","{""primary"": [{""name"": ""نبيل بنعبد الله"", ""tier"": ""priority"", ""province"": null}], ""secondary"": []}","{""primary"": [{""id"": ""elections"", ""name"": ""الانتخابات والاقتراع""}, {""id"": ""party_activity"", ""name"": ""الأنشطة والتنظيمات الحزبية""}, {""id"": ""government_politics"", ""name"": ""السياسات والحصيلة الحكومية""}], ""secondary"": [{""id"": ""legal_accountability"", ""name"": ""المتابعات والعزل والمحاسبة""}, {""id"": ""political_statements"", ""name"": ""التصريحات والمواقف السياسية""}]}","{""level"": ""strong"", ""geographic_score"": 4, ""political_score"": 7, ""decision_reason"": ""صلة جغرافية وسياسية قوية"", ""geographic_reasons"": [""إقليم أو مكان رئيسي داخل سوس ماسة""], ""political_reasons"": [""أحزاب رئيسية: حزب التقدم والاشتراكية"", ""موضوع سياسي رئيسي: الانتخابات والاقتراع، الأنشطة والتنظيمات الحزبية"", ""وجود شخصية سياسية معروفة""], ""accepted"": true}","[{""target_id"": ""PPS"", ""target_type"": ""party"", ""target_name"": ""حزب التقدم والاشتراكية"", ""label"": ""unclear"", ""label_ar"": ""غير واضح"", ""confidence"": ""low"", ""positive_score"": 1, ""negative_score"": 0, ""mention_count"": 3, ""editorial_segment_count"": 2, ""reported_segment_count"": 1, ""evidence"": [{""location"": ""body"", ""positive_terms"": [""ثقة""], ""negative_terms"": [], ""reported_statement"": false}]}, {""target_id"": ""person_021"", ""target_type"": ""person"", ""target_name"": ""نبيل بنعبد الله"", ""label"": ""unclear"", ""label_ar"": ""غير واضح"", ""confidence"": ""low"", ""positive_score"": 1, ""negative_score"": 0, ""mention_count"": 2, ""editorial_segment_count"": 1, ""reported_segment_count"": 1, ""evidence"": [{""location"": ""body"", ""positive_terms"": [""أشاد""], ""negative_terms"": [], ""reported_statement"": false}]}]",evt_77c381954195,2026-07-15T19:21:12.873514+01:00
9116803c20b93f15,agadir24,أكادير24,العدالة والتنمية بأكادير إداوتنان ينظم لقاء تواصليا مع المواطنين بحضور إدريس الأزمي,https://agadir24.info/%d8%a7%d9%84%d8%b9%d8%af%d8%a7%d9%84%d8%a9-%d9%88%d8%a7%d9%84%d8%aa%d9%86%d9%85%d9%8a%d8%a9-%d8%a8%d8%a3%d9%83%d8%a7%d8%af%d9%8a%d8%b1-%d8%a5%d8%af%d8%a7%d9%88%d8%aa%d9%86%d8%a7%d9%86-%d9%8a%d9%86.html,أكادير,2026-07-04,2026-07-15T19:06:19.945226+01:00,2026-07-15T21:28:33.259955+00:00,ar,تنظم الكتابة الإقليمية لحزب العدالة والتنمية بأكادير إداوتنان، يوم الأحد 5 يوليوز 2026، لقاء تواصليا مع عموم المواطنين، يؤطره الدكتور إدريس الأزمي الإدريسي، عضو الأمانة…,183,"{""region"": ""سوس ماسة"", ""primary_provinces"": [""أكادير إداوتنان""], ""primary_places"": [""أكادير""], ""secondary_provinces"": [], ""secondary_places"": []}","{""primary"": [{""id"": ""PJD"", ""name"": ""حزب العدالة والتنمية""}], ""secondary"": []}","{""primary"": [{""name"": ""إدريس الأزمي"", ""tier"": ""priority"", ""province"": null}], ""secondary"": []}","{""primary"": [], ""secondary"": []}","{""level"": ""strong"", ""geographic_score"": 4, ""political_score"": 4, ""decision_reason"": ""صلة جغرافية وسياسية قوية"", ""geographic_reasons"": [""إقليم أو مكان رئيسي داخل سوس ماسة""], ""political_reasons"": [""أحزاب رئيسية: حزب العدالة والتنمية"", ""وجود شخصية سياسية معروفة""], ""accepted"": true}","[{""target_id"": ""PJD"", ""target_type"": ""party"", ""target_name"": ""حزب العدالة والتنمية"", ""label"": ""favorable"", ""label_ar"": ""إيجابي أو داعم"", ""confidence"": ""medium"", ""positive_score"": 2, ""negative_score"": 0, ""mention_count"": 4, ""editorial_segment_count"": 4, ""reported_segment_count"": 0, ""evidence"": [{""location"": ""lead"", ""positive_terms"": [""دينامية""], ""negative_terms"": [], ""reported_statement"": false}]}, {""target_id"": ""person_029"", ""target_type"": ""person"", ""target_name"": ""إدريس الأزمي"", ""label"": ""neutral"", ""label_ar"": ""محايد أو إخباري"", ""confidence"": ""medium"", ""positive_score"": 0, ""negative_score"": 0, ""mention_count"": 3, ""editorial_segment_count"": 3, ""reported_segment_count"": 0, ""evidence"": []}]",evt_4df3b5399111,2026-07-15T19:21:12.873514+01:00
4e68e06b99817ecd,agadir24,أكادير24,كلية العلوم بأكادير تحتفي بصفوة طلبتها في النسخة الثالثة من حفل نهاية الموسم الجامعي 2025/2026. | agadir24.info,https://agadir24.info/%D9%83%D9%84%D9%8A%D8%A9-%D8%A7%D9%84%D8%B9%D9%84%D9%88%D9%85-%D8%A8%D8%A3%D9%83%D8%A7%D8%AF%D9%8A%D8%B1-%D8%AA%D8%AD%D8%AA%D9%81%D9%8A-%D8%A8%D8%B5%D9%81%D9%88%D8%A9-%D8%B7%D9%84%D8%A8%D8%AA%D9%87.html,عبدالله بن عيسى,2026-07-04,2026-07-15T19:05:55.352099+00:00,2026-07-15T21:28:33.259955+00:00,ar,في أجواء احتفالية مفعمة بالفخر والاعتزاز، احتضن مدرج كلية العلوم بأكادير فعاليات النسخة الثالثة من حفل نهاية الموسم الجامعي 2025/2026 المنظم تحت شعار: “الفخر الأكاديمي:,332,"{""region"": ""سوس ماسة"", ""primary_provinces"": [""أكادير إداوتنان""], ""primary_places"": [""أكادير""], ""secondary_provinces"": [], ""secondary_places"": []}","{""primary"": [], ""secondary"": []}","{""primary"": [], ""secondary"": []}","{""primary"": [{""id"": ""political_statements"", ""name"": ""التصريحات والمواقف السياسية"", ""hits"": [""أكد""]}], ""secondary"": []}","{""level"": ""medium"", ""geographic_score"": 4, ""political_score"": 2, ""decision_reason"": ""صلة جغرافية وسياسية مقبولة"", ""geographic_reasons"": [""إقليم رئيسي داخل سوس ماسة"", ""مدينة أو مكان رئيسي داخل سوس ماسة""], ""political_reasons"": [""مواضيع سياسية: التصريحات والمواقف السياسية""], ""accepted"": true}",[],evt_4e68e06b9981,2026-07-15T21:28:33.259955+00:00
77c381954195e083,agadir24,أكادير24,حزب التقدم والاشتراكية بأكادير يفتح نقاشاً حول الحصيلة الحكومية ويؤكد جاهزيته للاستحقاقات المقبلة. | agadir24.info,https://agadir24.info/%D8%AD%D8%B2%D8%A8-%D8%A7%D9%84%D8%AA%D9%82%D8%AF%D9%85-%D9%88%D8%A7%D9%84%D8%A7%D8%B4%D8%AA%D8%B1%D8%A7%D9%83%D9%8A%D8%A9-%D8%A8%D8%A3%D9%83%D8%A7%D8%AF%D9%8A%D8%B1.html,أكادير,2026-07-04,2026-07-15T19:40:43.965972+00:00,2026-07-15T19:40:43.965972+00:00,ar,احتضن مدرج الغرفة الفلاحية بمدينة أكادير مساء السبت 4 يوليوز 2026 لقاء تواصليا نظمه الفرع الإقليمي لحزب التقدم والاشتراكية بأكادير إداوتنان تحت شعار: “قراءة في,286,"{""region"": ""سوس ماسة"", ""primary_provinces"": [""أكادير إداوتنان""], ""primary_places"": [""أكادير""], ""secondary_provinces"": [""اشتوكة أيت باها""], ""secondary_places"": [""أورير"", ""الدراركة"", ""تغازوت"", ""ماسة""]}","{""primary"": [{""id"": ""PPS"", ""name"": ""حزب التقدم والاشتراكية""}], ""secondary"": []}","{""primary"": [{""id"": ""person_021"", ""name"": ""نبيل بنعبد الله"", ""tier"": ""priority""}], ""secondary"": []}","{""primary"": [{""id"": ""government_politics"", ""name"": ""السياسات والحصيلة الحكومية"", ""hits"": [""الحصيلة الحكومية""]}, {""id"": ""elections"", ""name"": ""الانتخابات والاقتراع"", ""hits"": [""استحقاقات""]}], ""secondary"": [{""id"": ""party_activity"", ""name"": ""الأنشطة والتنظيمات الحزبية"", ""hits"": [""الفرع الإقليمي""]}, {""id"": ""political_statements"", ""name"": ""التصريحات والمواقف السياسية"", ""hits"": [""أكد""]}, {""id"": ""legal_accountability"", ""name"": ""المتابعات والعزل والمحاسبة"", ""hits"": [""تضارب المصالح""]}]}","{""level"": ""strong"", ""geographic_score"": 4, ""political_score"": 7, ""decision_reason"": ""صلة جغرافية وسياسية قوية"", ""geographic_reasons"": [""إقليم رئيسي داخل سوس ماسة"", ""مدينة أو مكان رئيسي داخل سوس ماسة""], ""political_reasons"": [""أحزاب رئيسية: حزب التقدم والاشتراكية"", ""شخصيات رئيسية: نبيل بنعبد الله"", ""مواضيع سياسية: السياسات والحصيلة الحكومية, الانتخابات والاقتراع""], ""accepted"": true}","[{""target_id"": ""PPS"", ""target_type"": ""party"", ""target_name"": ""حزب التقدم والاشتراكية"", ""label"": ""unclear"", ""label_ar"": ""غير واضح"", ""confidence"": ""low"", ""positive_score"": 1, ""negative_score"": 0, ""mention_count"": 3, ""editorial_segment_count"": 2, ""reported_segment_count"": 1, ""evidence"": [""ثقة""]}, {""target_id"": ""person_021"", ""target_type"": ""person"", ""target_name"": ""نبيل بنعبد الله"", ""label"": ""unclear"", ""label_ar"": ""غير واضح"", ""confidence"": ""low"", ""positive_score"": 1, ""negative_score"": 0, ""mention_count"": 2, ""editorial_segment_count"": 1, ""reported_segment_count"": 1, ""evidence"": [""أشاد""]}]",evt_77c381954195,2026-07-15T19:40:43.965972+00:00
4df3b5399111b8d6,agadir24,أكادير24,العدالة والتنمية بأكادير إداوتنان ينظم لقاء تواصليا مع المواطنين بحضور إدريس الأزمي | agadir24.info,https://agadir24.info/%D8%A7%D9%84%D8%B9%D8%AF%D8%A7%D9%84%D8%A9-%D9%88%D8%A7%D9%84%D8%AA%D9%86%D9%85%D9%8A%D8%A9-%D8%A8%D8%A3%D9%83%D8%A7%D8%AF%D9%8A%D8%B1-%D8%A5%D8%AF%D8%A7%D9%88%D8%AA%D9%86%D8%A7%D9%86-%D9%8A%D9%86.html,أكادير,2026-07-03,2026-07-15T19:40:43.965972+00:00,2026-07-15T19:40:43.965972+00:00,ar,تنظم الكتابة الإقليمية لحزب العدالة والتنمية بأكادير إداوتنان، يوم الأحد 5 يوليوز 2026، لقاء تواصليا مع عموم المواطنين، يؤطره الدكتور إدريس الأزمي الإدريسي، عضو الأمانة,183,"{""region"": ""سوس ماسة"", ""primary_provinces"": [""أكادير إداوتنان""], ""primary_places"": [""أكادير""], ""secondary_provinces"": [""اشتوكة أيت باها""], ""secondary_places"": [""ماسة""]}","{""primary"": [{""id"": ""PJD"", ""name"": ""حزب العدالة والتنمية""}], ""secondary"": []}","{""primary"": [{""id"": ""person_029"", ""name"": ""إدريس الأزمي"", ""tier"": ""priority""}], ""secondary"": []}","{""primary"": [], ""secondary"": []}","{""level"": ""medium"", ""geographic_score"": 4, ""political_score"": 3, ""decision_reason"": ""صلة جغرافية وسياسية مقبولة"", ""geographic_reasons"": [""إقليم رئيسي داخل سوس ماسة"", ""مدينة أو مكان رئيسي داخل سوس ماسة""], ""political_reasons"": [""أحزاب رئيسية: حزب العدالة والتنمية"", ""شخصيات رئيسية: إدريس الأزمي""], ""accepted"": true}","[{""target_id"": ""PJD"", ""target_type"": ""party"", ""target_name"": ""حزب العدالة والتنمية"", ""label"": ""neutral"", ""label_ar"": ""محايد أو إخباري"", ""confidence"": ""medium"", ""positive_score"": 0, ""negative_score"": 0, ""mention_count"": 4, ""editorial_segment_count"": 4, ""reported_segment_count"": 0, ""evidence"": []}, {""target_id"": ""person_029"", ""target_type"": ""person"", ""target_name"": ""إدريس الأزمي"", ""label"": ""neutral"", ""label_ar"": ""محايد أو إخباري"", ""confidence"": ""medium"", ""positive_score"": 0, ""negative_score"": 0, ""mention_count"": 3, ""editorial_segment_count"": 3, ""reported_segment_count"": 0, ""evidence"": []}]",evt_4df3b5399111,2026-07-15T19:40:43.965972+00:00
a60c415b580eae58,agadir24,أكادير24,"أخنوش و السعدي من أكادير: ""الأحرار"" يراهن على حصيلته الحكومية وكفاءاته الشابة لقيادة المرحلة المقبلة",https://agadir24.info/%d8%a3%d8%ae%d9%86%d9%88%d8%b4-%d9%88-%d8%a7%d9%84%d8%b3%d8%b9%d8%af%d9%8a-%d9%85%d9%86-%d8%a3%d9%83%d8%a7%d8%af%d9%8a%d8%b1-%d8%a7%d9%84%d8%a3%d8%ad%d8%b1%d8%a7%d8%b1-%d9%8a%d8%b1%d8%a7%d9%87.html,أكادير,2026-06-27,2026-07-15T19:06:19.945226+01:00,2026-07-15T21:28:33.259955+00:00,ar,شهدت مدينة أكادير انطلاق الدورة السادسة للجامعة الصيفية للفيدرالية الوطنية للشبيبة التجمعية، تحت شعار “مسار المستقبل: التزام شبابي من أجل مغرب الانتقال الاجتماعي”. وشكل هذا…,329,"{""region"": ""سوس ماسة"", ""primary_provinces"": [""أكادير إداوتنان""], ""primary_places"": [""أكادير""], ""secondary_provinces"": [], ""secondary_places"": []}","{""primary"": [{""id"": ""RNI"", ""name"": ""التجمع الوطني للأحرار""}], ""secondary"": []}","{""primary"": [{""name"": ""عزيز أخنوش"", ""tier"": ""priority"", ""province"": ""أكادير إداوتنان""}], ""secondary"": [{""name"": ""لحسن السعدي"", ""tier"": ""priority"", ""province"": ""تارودانت""}]}","{""primary"": [], ""secondary"": [{""id"": ""elections"", ""name"": ""الانتخابات والاقتراع""}, {""id"": ""political_statements"", ""name"": ""التصريحات والمواقف السياسية""}, {""id"": ""government_politics"", ""name"": ""السياسات والحصيلة الحكومية""}]}","{""level"": ""strong"", ""geographic_score"": 4, ""political_score"": 5, ""decision_reason"": ""صلة جغرافية وسياسية قوية"", ""geographic_reasons"": [""إقليم أو مكان رئيسي داخل سوس ماسة""], ""political_reasons"": [""أحزاب رئيسية: التجمع الوطني للأحرار"", ""مضمون سياسي ثانوي"", ""وجود شخصية سياسية معروفة""], ""accepted"": true}","[{""target_id"": ""RNI"", ""target_type"": ""party"", ""target_name"": ""التجمع الوطني للأحرار"", ""label"": ""favorable"", ""label_ar"": ""إيجابي أو داعم"", ""confidence"": ""high"", ""positive_score"": 10, ""negative_score"": 0, ""mention_count"": 5, ""editorial_segment_count"": 3, ""reported_segment_count"": 2, ""evidence"": [{""location"": ""title"", ""positive_terms"": [""قيادة المرحلة"", ""كفاءاته الشابة""], ""negative_terms"": [], ""reported_statement"": false}, {""location"": ""lead"", ""positive_terms"": [""جاهزية""], ""negative_terms"": [], ""reported_statement"": false}, {""location"": ""lead"", ""positive_terms"": [""ثقة"", ""دينامية""], ""negative_terms"": [], ""reported_statement"": true}]}, {""target_id"": ""person_001"", ""target_type"": ""person"", ""target_name"": ""عزيز أخنوش"", ""label"": ""favorable"", ""label_ar"": ""إيجابي أو داعم"", ""confidence"": ""high"", ""positive_score"": 10, ""negative_score"": 0, ""mention_count"": 5, ""editorial_segment_count"": 3, ""reported_segment_count"": 2, ""evidence"": [{""location"": ""title"", ""positive_terms"": [""قيادة المرحلة"", ""كفاءاته الشابة""], ""negative_terms"": [], ""reported_statement"": false}, {""location"": ""lead"", ""positive_terms"": [""ثقة"", ""دينامية""], ""negative_terms"": [], ""reported_statement"": true}, {""location"": ""lead"", ""positive_terms"": [""إنجازات"", ""قيادة المرحلة""], ""negative_terms"": [], ""reported_statement"": true}]}, {""target_id"": ""person_006"", ""target_type"": ""person"", ""target_name"": ""لحسن السعدي"", ""label"": ""favorable"", ""label_ar"": ""إيجابي أو داعم"", ""confidence"": ""medium"", ""positive_score"": 2, ""negative_score"": 0, ""mention_count"": 1, ""editorial_segment_count"": 1, ""reported_segment_count"": 0, ""evidence"": [{""location"": ""body"", ""positive_terms"": [""أشاد"", ""مغرب المستقبل""], ""negative_terms"": [], ""reported_statement"": false}]}]",evt_11306da9d244,2026-07-15T19:21:12.873514+01:00
a3359146b8170640,tizpress,تيزبريس,"نبيل بنعبد الله يهاجم ""مركزية المونديال"" من تيزنيت: كعكة الاستثمارات للكبار وتيزنيت والجوار خارج الحسابات! ( فيديو ) - Tizpress",https://www.tizpress.com/190910/%D9%86%D8%A8%D9%8A%D9%84-%D8%A8%D9%86%D8%B9%D8%A8%D8%AF-%D8%A7%D9%84%D9%84%D9%87-%D9%8A%D9%87%D8%A7%D8%AC%D9%85-%D9%85%D8%B1%D9%83%D8%B2%D9%8A%D8%A9-%D8%A7%D9%84%D9%85%D9%88%D9%86%D8%AF%D9%8A%D8%A7,جريدة تيزبريس,2026-06-27,2026-07-15T19:05:55.352099+00:00,2026-07-15T19:40:43.965972+00:00,ar,أكد محمد نبيل بنعبد الله، الأمين العام لحزب التقدم والاشتراكية، أن تنظيم المغرب لنهائيات كأس العالم 2030 يعد مكسباً متميزاً يعزز الروح الوطنية ويحرك المشاعر,316,"{""region"": ""سوس ماسة"", ""primary_provinces"": [""تارودانت""], ""primary_places"": [""تارودانت""], ""secondary_provinces"": [""أكادير إداوتنان""], ""secondary_places"": [""أكادير""]}","{""primary"": [{""id"": ""PPS"", ""name"": ""حزب التقدم والاشتراكية""}], ""secondary"": []}","{""primary"": [{""id"": ""person_021"", ""name"": ""نبيل بنعبد الله"", ""tier"": ""priority""}], ""secondary"": []}","{""primary"": [], ""secondary"": [{""id"": ""political_statements"", ""name"": ""التصريحات والمواقف السياسية"", ""hits"": [""أكد""]}]}","{""level"": ""medium"", ""geographic_score"": 4, ""political_score"": 3, ""decision_reason"": ""صلة جغرافية وسياسية مقبولة"", ""geographic_reasons"": [""إقليم رئيسي داخل سوس ماسة"", ""مدينة أو مكان رئيسي داخل سوس ماسة""], ""political_reasons"": [""أحزاب رئيسية: حزب التقدم والاشتراكية"", ""شخصيات رئيسية: نبيل بنعبد الله""], ""accepted"": true}","[{""target_id"": ""PPS"", ""target_type"": ""party"", ""target_name"": ""حزب التقدم والاشتراكية"", ""label"": ""neutral"", ""label_ar"": ""محايد أو إخباري"", ""confidence"": ""low"", ""positive_score"": 0, ""negative_score"": 0, ""mention_count"": 1, ""editorial_segment_count"": 0, ""reported_segment_count"": 1, ""evidence"": []}, {""target_id"": ""person_021"", ""target_type"": ""person"", ""target_name"": ""نبيل بنعبد الله"", ""label"": ""neutral"", ""label_ar"": ""محايد أو إخباري"", ""confidence"": ""medium"", ""positive_score"": 0, ""negative_score"": 0, ""mention_count"": 2, ""editorial_segment_count"": 1, ""reported_segment_count"": 1, ""evidence"": []}]",evt_a3359146b817,2026-07-15T19:40:43.965972+00:00
1495b4f29ec5688b,agadir24,أكادير24,من أكادير.. 3500 شاب يرسمون مع رئيس الحكومة عزيز أخنوش ملامح مغرب الانتقال الاجتماعي,https://agadir24.info/%d9%85%d9%86-%d8%a3%d9%83%d8%a7%d8%af%d9%8a%d8%b1-3500-%d8%b4%d8%a7%d8%a8-%d9%8a%d8%b1%d8%b3%d9%85%d9%88%d9%86-%d9%85%d8%b9-%d8%b1%d8%a6%d9%8a%d8%b3-%d8%a7%d9%84%d8%ad%d9%83%d9%88%d9%85%d8%a9-%d8%b9.html,أكادير,2026-06-26,2026-07-15T19:06:19.945226+01:00,2026-07-15T21:28:33.259955+00:00,ar,من المرتقب أن تتحول مدينة أكادير، اليوم الجمعة 26 يونيو، إلى مركز نابض للنقاش الشبابي والسياسي على الصعيد الوطني، حيث تحتضن فعاليات الدورة السادسة لجامعة…,274,"{""region"": ""سوس ماسة"", ""primary_provinces"": [""أكادير إداوتنان""], ""primary_places"": [""أكادير""], ""secondary_provinces"": [], ""secondary_places"": []}","{""primary"": [{""id"": ""RNI"", ""name"": ""التجمع الوطني للأحرار""}], ""secondary"": []}","{""primary"": [{""name"": ""عزيز أخنوش"", ""tier"": ""priority"", ""province"": ""أكادير إداوتنان""}], ""secondary"": []}","{""primary"": [{""id"": ""government_politics"", ""name"": ""السياسات والحصيلة الحكومية""}], ""secondary"": []}","{""level"": ""strong"", ""geographic_score"": 4, ""political_score"": 6, ""decision_reason"": ""صلة جغرافية وسياسية قوية"", ""geographic_reasons"": [""إقليم أو مكان رئيسي داخل سوس ماسة""], ""political_reasons"": [""أحزاب رئيسية: التجمع الوطني للأحرار"", ""مضمون سياسي رئيسي"", ""وجود شخصية سياسية معروفة""], ""accepted"": true}","[{""target_id"": ""RNI"", ""target_type"": ""party"", ""target_name"": ""التجمع الوطني للأحرار"", ""label"": ""neutral"", ""label_ar"": ""محايد أو إخباري"", ""confidence"": ""low"", ""positive_score"": 0, ""negative_score"": 0, ""mention_count"": 2, ""editorial_segment_count"": 2, ""reported_segment_count"": 0, ""evidence"": []}, {""target_id"": ""person_001"", ""target_type"": ""person"", ""target_name"": ""عزيز أخنوش"", ""label"": ""favorable"", ""label_ar"": ""إيجابي أو داعم"", ""confidence"": ""medium"", ""positive_score"": 3, ""negative_score"": 0, ""mention_count"": 2, ""editorial_segment_count"": 2, ""reported_segment_count"": 0, ""evidence"": [{""location"": ""title"", ""positive_terms"": [""مغرب الانتقال الاجتماعي""], ""negative_terms"": [], ""reported_statement"": false}]}]",evt_afa11b6dcb5b,2026-07-15T19:21:12.873514+01:00
2b8b1e681afc9232,agadirino,أكاديرينو,“نشيد الأحرار” بصوت ابنة اكادير بشرى نايت القاضي يشعل أجواء الافتتاح - agadirino.ma,https://agadirino.ma/2026/06/27/%D9%86%D8%B4%D9%8A%D8%AF-%D8%A7%D9%84%D8%A3%D8%AD%D8%B1%D8%A7%D8%B1-%D8%A8%D8%B5%D9%88%D8%AA-%D8%A7%D8%A8%D9%86%D8%A9-%D8%A7%D9%83%D8%A7%D8%AF%D9%8A%D8%B1-%D8%A8%D8%B4%D8%B1%D9%89,Driss Driss,2026-06-26,2026-07-15T19:05:55.352099+00:00,2026-07-15T21:28:33.259955+00:00,ar,شهدت مدينة أكادير، خلال افتتاح جامعة الشباب، لحظة فنية مميزة بعدما قدمت الفنانة بشرى نايت القاضي أداءً مؤثرا لـ”نشيد الأحرار”، وسط تفاعل كبير من الحاضرين.,97,"{""region"": ""سوس ماسة"", ""primary_provinces"": [""أكادير إداوتنان""], ""primary_places"": [""أكادير""], ""secondary_provinces"": [], ""secondary_places"": []}","{""primary"": [{""id"": ""RNI"", ""name"": ""التجمع الوطني للأحرار""}], ""secondary"": []}","{""primary"": [], ""secondary"": []}","{""primary"": [], ""secondary"": [{""id"": ""political_statements"", ""name"": ""التصريحات والمواقف السياسية"", ""hits"": [""اعتبر""]}]}","{""level"": ""medium"", ""geographic_score"": 4, ""political_score"": 2, ""decision_reason"": ""صلة جغرافية وسياسية مقبولة"", ""geographic_reasons"": [""إقليم رئيسي داخل سوس ماسة"", ""مدينة أو مكان رئيسي داخل سوس ماسة""], ""political_reasons"": [""أحزاب رئيسية: التجمع الوطني للأحرار""], ""accepted"": true}","[{""target_id"": ""RNI"", ""target_type"": ""party"", ""target_name"": ""التجمع الوطني للأحرار"", ""label"": ""neutral"", ""label_ar"": ""محايد أو إخباري"", ""confidence"": ""medium"", ""positive_score"": 0, ""negative_score"": 0, ""mention_count"": 2, ""editorial_segment_count"": 1, ""reported_segment_count"": 1, ""evidence"": []}]",evt_2b8b1e681afc,2026-07-15T21:28:33.259955+00:00
67ddb13e72e918be,agadirino,أكاديرينو,"أخنوش يستعرض قوة ""الأحرار"" التنظيمية ويدعو الشبيبة لتعزيز الحضور الميداني - agadirino.ma",https://agadirino.ma/2026/06/27/%D8%A3%D8%AE%D9%86%D9%88%D8%B4-%D9%8A%D8%B3%D8%AA%D8%B9%D8%B1%D8%B6-%D9%82%D9%88%D8%A9-%D8%A7%D9%84%D8%A3%D8%AD%D8%B1%D8%A7%D8%B1-%D8%A7%D9%84%D8%AA%D9%86%D8%B8%D9%8A%D9%85%D9%8A%D8%A9-%D9%88,Driss Driss,2026-06-26,2026-07-15T19:05:55.352099+00:00,2026-07-15T21:28:33.259955+00:00,ar,أكد عزيز أخنوش أن الجامعة الصيفية للشبيبة التجمعية تحولت إلى مؤسسة تنظيمية وتكوينية رائدة، تضطلع بدور محوري في إعداد الكفاءات وتأهيل جيل جديد من القيادات,263,"{""region"": ""سوس ماسة"", ""primary_provinces"": [""أكادير إداوتنان""], ""primary_places"": [""أكادير""], ""secondary_provinces"": [], ""secondary_places"": []}","{""primary"": [{""id"": ""RNI"", ""name"": ""التجمع الوطني للأحرار""}], ""secondary"": []}","{""primary"": [{""id"": ""person_001"", ""name"": ""عزيز أخنوش"", ""tier"": ""priority""}], ""secondary"": []}","{""primary"": [{""id"": ""political_statements"", ""name"": ""التصريحات والمواقف السياسية"", ""hits"": [""أكد"", ""اعتبر""]}], ""secondary"": []}","{""level"": ""strong"", ""geographic_score"": 4, ""political_score"": 5, ""decision_reason"": ""صلة جغرافية وسياسية قوية"", ""geographic_reasons"": [""إقليم رئيسي داخل سوس ماسة"", ""مدينة أو مكان رئيسي داخل سوس ماسة""], ""political_reasons"": [""أحزاب رئيسية: التجمع الوطني للأحرار"", ""شخصيات رئيسية: عزيز أخنوش"", ""مواضيع سياسية: التصريحات والمواقف السياسية""], ""accepted"": true}","[{""target_id"": ""RNI"", ""target_type"": ""party"", ""target_name"": ""التجمع الوطني للأحرار"", ""label"": ""favorable"", ""label_ar"": ""إيجابي أو داعم"", ""confidence"": ""medium"", ""positive_score"": 3, ""negative_score"": 0, ""mention_count"": 3, ""editorial_segment_count"": 2, ""reported_segment_count"": 1, ""evidence"": [""تعزيز الحضور""]}, {""target_id"": ""person_001"", ""target_type"": ""person"", ""target_name"": ""عزيز أخنوش"", ""label"": ""favorable"", ""label_ar"": ""إيجابي أو داعم"", ""confidence"": ""medium"", ""positive_score"": 3, ""negative_score"": 0, ""mention_count"": 5, ""editorial_segment_count"": 2, ""reported_segment_count"": 3, ""evidence"": [""تعزيز الحضور""]}]",evt_67ddb13e72e9,2026-07-15T21:28:33.259955+00:00
d2262792a7d23af5,lesiteinfo,LeSiteInfo,Université d’été du RNI : Chaouki dresse le bilan de 10 ans d'investissement dans la jeunesse,https://www.lesiteinfo.com/politique/677117-universite-dete-du-rni-chaouki-dresse-le-bilan-de-10-ans-dinvestissement-dans-la-jeunesse.html,Rédaction N,2026-06-26,2026-07-15T19:13:13.942894+00:00,2026-07-15T19:40:43.965972+00:00,fr,"Lors de la 6e Université d’été du RNI à Agadir, Mohamed Chaouki, Président du RNI a réaffirmé les engagements du parti de la colombe dans",960,"{""region"": ""سوس ماسة"", ""primary_provinces"": [""أكادير إداوتنان""], ""primary_places"": [""أكادير""], ""secondary_provinces"": [], ""secondary_places"": []}","{""primary"": [{""id"": ""RNI"", ""name"": ""التجمع الوطني للأحرار""}], ""secondary"": []}","{""primary"": [], ""secondary"": []}","{""primary"": [{""id"": ""elections"", ""name"": ""الانتخابات والاقتراع"", ""hits"": [""électorales"", ""électoral"", ""législatives""]}, {""id"": ""candidacy_nomination"", ""name"": ""الترشح والتزكية"", ""hits"": [""candidature"", ""candidats""]}], ""secondary"": [{""id"": ""results_polls"", ""name"": ""النتائج والاستطلاعات الانتخابية"", ""hits"": [""résultats électoraux"", ""sièges""]}, {""id"": ""electoral_campaign"", ""name"": ""الحملة الانتخابية"", ""hits"": [""programme électoral""]}, {""id"": ""party_activity"", ""name"": ""الأنشطة والتنظيمات الحزبية"", ""hits"": [""jeunesse du parti""]}]}","{""level"": ""strong"", ""geographic_score"": 4, ""political_score"": 6, ""decision_reason"": ""صلة جغرافية وسياسية قوية"", ""geographic_reasons"": [""إقليم رئيسي داخل سوس ماسة"", ""مدينة أو مكان رئيسي داخل سوس ماسة""], ""political_reasons"": [""أحزاب رئيسية: التجمع الوطني للأحرار"", ""مواضيع سياسية: الانتخابات والاقتراع, الترشح والتزكية""], ""accepted"": true}","[{""target_id"": ""RNI"", ""target_type"": ""party"", ""target_name"": ""التجمع الوطني للأحرار"", ""label"": ""favorable"", ""label_ar"": ""إيجابي أو داعم"", ""confidence"": ""medium"", ""positive_score"": 3, ""negative_score"": 0, ""mention_count"": 8, ""editorial_segment_count"": 4, ""reported_segment_count"": 4, ""evidence"": [""investissement dans la jeunesse""]}]",evt_d2262792a7d2,2026-07-15T19:40:43.965972+00:00
11306da9d244adf2,agadir24,أكادير24,"أخنوش و السعدي من أكادير: ""الأحرار"" يراهن على حصيلته الحكومية وكفاءاته الشابة لقيادة المرحلة المقبلة | agadir24.info",https://agadir24.info/%D8%A3%D8%AE%D9%86%D9%88%D8%B4-%D9%88-%D8%A7%D9%84%D8%B3%D8%B9%D8%AF%D9%8A-%D9%85%D9%86-%D8%A3%D9%83%D8%A7%D8%AF%D9%8A%D8%B1-%D8%A7%D9%84%D8%A3%D8%AD%D8%B1%D8%A7%D8%B1-%D9%8A%D8%B1%D8%A7%D9%87.html,أكادير,2026-06-26,2026-07-15T19:40:43.965972+00:00,2026-07-15T19:40:43.965972+00:00,ar,شهدت مدينة أكادير انطلاق الدورة السادسة للجامعة الصيفية للفيدرالية الوطنية للشبيبة التجمعية، تحت شعار “مسار المستقبل: التزام شبابي من أجل مغرب الانتقال الاجتماعي”. وشكل هذا,329,"{""region"": ""سوس ماسة"", ""primary_provinces"": [""أكادير إداوتنان""], ""primary_places"": [""أكادير""], ""secondary_provinces"": [], ""secondary_places"": []}","{""primary"": [{""id"": ""RNI"", ""name"": ""التجمع الوطني للأحرار""}], ""secondary"": []}","{""primary"": [{""id"": ""person_001"", ""name"": ""عزيز أخنوش"", ""tier"": ""priority""}], ""secondary"": [{""id"": ""person_006"", ""name"": ""لحسن السعدي"", ""tier"": ""priority""}]}","{""primary"": [{""id"": ""political_statements"", ""name"": ""التصريحات والمواقف السياسية"", ""hits"": [""أكد"", ""اعتبر""]}, {""id"": ""government_politics"", ""name"": ""السياسات والحصيلة الحكومية"", ""hits"": [""رئيس الحكومة""]}], ""secondary"": [{""id"": ""elections"", ""name"": ""الانتخابات والاقتراع"", ""hits"": [""انتخابية"", ""الاستحقاقات""]}]}","{""level"": ""strong"", ""geographic_score"": 4, ""political_score"": 6, ""decision_reason"": ""صلة جغرافية وسياسية قوية"", ""geographic_reasons"": [""إقليم رئيسي داخل سوس ماسة"", ""مدينة أو مكان رئيسي داخل سوس ماسة""], ""political_reasons"": [""أحزاب رئيسية: التجمع الوطني للأحرار"", ""شخصيات رئيسية: عزيز أخنوش"", ""مواضيع سياسية: التصريحات والمواقف السياسية, السياسات والحصيلة الحكومية""], ""accepted"": true}","[{""target_id"": ""RNI"", ""target_type"": ""party"", ""target_name"": ""التجمع الوطني للأحرار"", ""label"": ""favorable"", ""label_ar"": ""إيجابي أو داعم"", ""confidence"": ""high"", ""positive_score"": 8, ""negative_score"": 0, ""mention_count"": 5, ""editorial_segment_count"": 2, ""reported_segment_count"": 3, ""evidence"": [""قيادة المرحلة"", ""كفاءاته الشابة"", ""جاهزية""]}, {""target_id"": ""person_001"", ""target_type"": ""person"", ""target_name"": ""عزيز أخنوش"", ""label"": ""favorable"", ""label_ar"": ""إيجابي أو داعم"", ""confidence"": ""high"", ""positive_score"": 8, ""negative_score"": 0, ""mention_count"": 5, ""editorial_segment_count"": 2, ""reported_segment_count"": 3, ""evidence"": [""قيادة المرحلة"", ""كفاءاته الشابة"", ""أشاد""]}, {""target_id"": ""person_006"", ""target_type"": ""person"", ""target_name"": ""لحسن السعدي"", ""label"": ""favorable"", ""label_ar"": ""إيجابي أو داعم"", ""confidence"": ""medium"", ""positive_score"": 2, ""negative_score"": 0, ""mention_count"": 1, ""editorial_segment_count"": 1, ""reported_segment_count"": 0, ""evidence"": [""أشاد"", ""مغرب المستقبل""]}]",evt_11306da9d244,2026-07-15T19:40:43.965972+00:00
cf00c922e07b1f8a,agadirino,أكاديرينو,"أكادير .. انطلاق الجامعة الصيفية لشبيبة ""الأحرار"" بحضور أخنوش وقيادات الحزب - agadirino.ma",https://agadirino.ma/2026/06/26/%D8%A3%D9%83%D8%A7%D8%AF%D9%8A%D8%B1-%D8%A7%D9%86%D8%B7%D9%84%D8%A7%D9%82-%D8%A7%D9%84%D8%AC%D8%A7%D9%85%D8%B9%D8%A9-%D8%A7%D9%84%D8%B5%D9%8A%D9%81%D9%8A%D8%A9-%D9%84%D8%B4%D8%A8%D9%8A%D8%A8%D8%A9,Driss Driss,2026-06-25,2026-07-15T19:05:55.352099+00:00,2026-07-15T21:28:33.259955+00:00,ar,انطلقت، مساء اليوم الجمعة بمدينة أكادير، أشغال الجامعة الصيفية لشبيبة حزب التجمع الوطني للأحرار، في تظاهرة شبابية كبرى تميزت بحضور مكثف لقيادات الحزب ومسؤوليه، إلى,171,"{""region"": ""سوس ماسة"", ""primary_provinces"": [""أكادير إداوتنان""], ""primary_places"": [""أكادير""], ""secondary_provinces"": [], ""secondary_places"": []}","{""primary"": [{""id"": ""RNI"", ""name"": ""التجمع الوطني للأحرار""}], ""secondary"": []}","{""primary"": [{""id"": ""person_001"", ""name"": ""عزيز أخنوش"", ""tier"": ""priority""}, {""id"": ""person_006"", ""name"": ""لحسن السعدي"", ""tier"": ""priority""}], ""secondary"": []}","{""primary"": [], ""secondary"": [{""id"": ""government_politics"", ""name"": ""السياسات والحصيلة الحكومية"", ""hits"": [""رئيس الحكومة""]}]}","{""level"": ""medium"", ""geographic_score"": 4, ""political_score"": 3, ""decision_reason"": ""صلة جغرافية وسياسية مقبولة"", ""geographic_reasons"": [""إقليم رئيسي داخل سوس ماسة"", ""مدينة أو مكان رئيسي داخل سوس ماسة""], ""political_reasons"": [""أحزاب رئيسية: التجمع الوطني للأحرار"", ""شخصيات رئيسية: عزيز أخنوش, لحسن السعدي""], ""accepted"": true}","[{""target_id"": ""RNI"", ""target_type"": ""party"", ""target_name"": ""التجمع الوطني للأحرار"", ""label"": ""favorable"", ""label_ar"": ""إيجابي أو داعم"", ""confidence"": ""medium"", ""positive_score"": 2, ""negative_score"": 0, ""mention_count"": 3, ""editorial_segment_count"": 3, ""reported_segment_count"": 0, ""evidence"": [""مشاركة واسعة""]}, {""target_id"": ""person_001"", ""target_type"": ""person"", ""target_name"": ""عزيز أخنوش"", ""label"": ""neutral"", ""label_ar"": ""محايد أو إخباري"", ""confidence"": ""medium"", ""positive_score"": 0, ""negative_score"": 0, ""mention_count"": 2, ""editorial_segment_count"": 1, ""reported_segment_count"": 1, ""evidence"": []}, {""target_id"": ""person_006"", ""target_type"": ""person"", ""target_name"": ""لحسن السعدي"", ""label"": ""neutral"", ""label_ar"": ""محايد أو إخباري"", ""confidence"": ""low"", ""positive_score"": 0, ""negative_score"": 0, ""mention_count"": 1, ""editorial_segment_count"": 0, ""reported_segment_count"": 1, ""evidence"": []}]",evt_cf00c922e07b,2026-07-15T21:28:33.259955+00:00
afa11b6dcb5b3cbd,agadir24,أكادير24,من أكادير.. 3500 شاب يرسمون مع رئيس الحكومة عزيز أخنوش ملامح مغرب الانتقال الاجتماعي | agadir24.info,https://agadir24.info/%D9%85%D9%86-%D8%A3%D9%83%D8%A7%D8%AF%D9%8A%D8%B1-3500-%D8%B4%D8%A7%D8%A8-%D9%8A%D8%B1%D8%B3%D9%85%D9%88%D9%86-%D9%85%D8%B9-%D8%B1%D8%A6%D9%8A%D8%B3-%D8%A7%D9%84%D8%AD%D9%83%D9%88%D9%85%D8%A9-%D8%B9.html,أكادير,2026-06-25,2026-07-15T19:40:43.965972+00:00,2026-07-15T19:40:43.965972+00:00,ar,من المرتقب أن تتحول مدينة أكادير، اليوم الجمعة 26 يونيو، إلى مركز نابض للنقاش الشبابي والسياسي على الصعيد الوطني، حيث تحتضن فعاليات الدورة السادسة لجامعة,274,"{""region"": ""سوس ماسة"", ""primary_provinces"": [""أكادير إداوتنان""], ""primary_places"": [""أكادير""], ""secondary_provinces"": [], ""secondary_places"": []}","{""primary"": [{""id"": ""RNI"", ""name"": ""التجمع الوطني للأحرار""}], ""secondary"": []}","{""primary"": [{""id"": ""person_001"", ""name"": ""عزيز أخنوش"", ""tier"": ""priority""}], ""secondary"": []}","{""primary"": [{""id"": ""government_politics"", ""name"": ""السياسات والحصيلة الحكومية"", ""hits"": [""رئيس الحكومة""]}], ""secondary"": []}","{""level"": ""strong"", ""geographic_score"": 4, ""political_score"": 5, ""decision_reason"": ""صلة جغرافية وسياسية قوية"", ""geographic_reasons"": [""إقليم رئيسي داخل سوس ماسة"", ""مدينة أو مكان رئيسي داخل سوس ماسة""], ""political_reasons"": [""أحزاب رئيسية: التجمع الوطني للأحرار"", ""شخصيات رئيسية: عزيز أخنوش"", ""مواضيع سياسية: السياسات والحصيلة الحكومية""], ""accepted"": true}","[{""target_id"": ""RNI"", ""target_type"": ""party"", ""target_name"": ""التجمع الوطني للأحرار"", ""label"": ""neutral"", ""label_ar"": ""محايد أو إخباري"", ""confidence"": ""medium"", ""positive_score"": 0, ""negative_score"": 0, ""mention_count"": 2, ""editorial_segment_count"": 2, ""reported_segment_count"": 0, ""evidence"": []}, {""target_id"": ""person_001"", ""target_type"": ""person"", ""target_name"": ""عزيز أخنوش"", ""label"": ""favorable"", ""label_ar"": ""إيجابي أو داعم"", ""confidence"": ""medium"", ""positive_score"": 3, ""negative_score"": 0, ""mention_count"": 2, ""editorial_segment_count"": 2, ""reported_segment_count"": 0, ""evidence"": [""مغرب الانتقال الاجتماعي""]}]",evt_afa11b6dcb5b,2026-07-15T19:40:43.965972+00:00
146a98a0e8cbdff3,agadirino,أكاديرينو,"""مسار المستقبل"".. شباب الأحرار يجتمعون في أكادير لرسم معالم المغرب الجديد - agadirino.ma",https://agadirino.ma/2026/06/25/%D9%85%D8%B3%D8%A7%D8%B1-%D8%A7%D9%84%D9%85%D8%B3%D8%AA%D9%82%D8%A8%D9%84-%D8%B4%D8%A8%D8%A7%D8%A8-%D8%A7%D9%84%D8%A3%D8%AD%D8%B1%D8%A7%D8%B1-%D9%8A%D8%AC%D8%AA%D9%85%D8%B9%D9%88%D9%86-%D9%81,Driss Driss,2026-06-24,2026-07-15T19:05:55.352099+00:00,2026-07-15T21:28:33.259955+00:00,ar,تحتضن مدينة أكادير يومي 26 و27 يونيو 2026 فعاليات الدورة السادسة لجامعة الشباب الأحرار، المنظمة تحت شعار: “مسار المستقبل: التزام شبابي من أجل مغرب الانتقال,174,"{""region"": ""سوس ماسة"", ""primary_provinces"": [""أكادير إداوتنان""], ""primary_places"": [""أكادير""], ""secondary_provinces"": [], ""secondary_places"": []}","{""primary"": [{""id"": ""RNI"", ""name"": ""التجمع الوطني للأحرار""}], ""secondary"": []}","{""primary"": [], ""secondary"": []}","{""primary"": [], ""secondary"": []}","{""level"": ""medium"", ""geographic_score"": 4, ""political_score"": 2, ""decision_reason"": ""صلة جغرافية وسياسية مقبولة"", ""geographic_reasons"": [""إقليم رئيسي داخل سوس ماسة"", ""مدينة أو مكان رئيسي داخل سوس ماسة""], ""political_reasons"": [""أحزاب رئيسية: التجمع الوطني للأحرار""], ""accepted"": true}","[{""target_id"": ""RNI"", ""target_type"": ""party"", ""target_name"": ""التجمع الوطني للأحرار"", ""label"": ""neutral"", ""label_ar"": ""محايد أو إخباري"", ""confidence"": ""medium"", ""positive_score"": 0, ""negative_score"": 0, ""mention_count"": 3, ""editorial_segment_count"": 2, ""reported_segment_count"": 1, ""evidence"": []}]",evt_146a98a0e8cb,2026-07-15T21:28:33.259955+00:00
62254cdf57ee1a24,lesiteinfo,LeSiteInfo,"RNI: après Fès et Oujda, Mohamed Chouki poursuit sa tournée à Agadir",https://www.lesiteinfo.com/politique/676952-rni-apres-fes-et-oujda-mohamed-chouki-poursuit-sa-tournee-a-agadir.html,Rédaction N,2026-06-24,2026-07-15T19:13:13.942894+00:00,2026-07-15T19:40:43.965972+00:00,fr,"Le président du Rassemblement national des indépendants (RNI), Mohamed Chouki, est attendu vendredi à Agadir pour prendre part à la sixième édition de l’Université de",336,"{""region"": ""سوس ماسة"", ""primary_provinces"": [""أكادير إداوتنان""], ""primary_places"": [""أكادير""], ""secondary_provinces"": [], ""secondary_places"": []}","{""primary"": [{""id"": ""RNI"", ""name"": ""التجمع الوطني للأحرار""}], ""secondary"": []}","{""primary"": [{""id"": ""person_001"", ""name"": ""عزيز أخنوش"", ""tier"": ""priority""}], ""secondary"": []}","{""primary"": [], ""secondary"": [{""id"": ""party_activity"", ""name"": ""الأنشطة والتنظيمات الحزبية"", ""hits"": [""jeunesse du parti""]}, {""id"": ""government_politics"", ""name"": ""السياسات والحصيلة الحكومية"", ""hits"": [""gouvernement""]}]}","{""level"": ""medium"", ""geographic_score"": 4, ""political_score"": 3, ""decision_reason"": ""صلة جغرافية وسياسية مقبولة"", ""geographic_reasons"": [""إقليم رئيسي داخل سوس ماسة"", ""مدينة أو مكان رئيسي داخل سوس ماسة""], ""political_reasons"": [""أحزاب رئيسية: التجمع الوطني للأحرار"", ""شخصيات رئيسية: عزيز أخنوش""], ""accepted"": true}","[{""target_id"": ""RNI"", ""target_type"": ""party"", ""target_name"": ""التجمع الوطني للأحرار"", ""label"": ""favorable"", ""label_ar"": ""إيجابي أو داعم"", ""confidence"": ""medium"", ""positive_score"": 2, ""negative_score"": 0, ""mention_count"": 6, ""editorial_segment_count"": 4, ""reported_segment_count"": 2, ""evidence"": [""proximité"", ""proximité""]}, {""target_id"": ""person_001"", ""target_type"": ""person"", ""target_name"": ""عزيز أخنوش"", ""label"": ""unclear"", ""label_ar"": ""غير واضح"", ""confidence"": ""low"", ""positive_score"": 1, ""negative_score"": 0, ""mention_count"": 1, ""editorial_segment_count"": 1, ""reported_segment_count"": 0, ""evidence"": [""proximité""]}]",evt_62254cdf57ee,2026-07-15T19:40:43.965972+00:00
cabaf4e92cd4636b,agadirinfo,أكادير أنفو,مجلس المستشارين يصادق بالأغلبية على إعادة تنظيم المجلس الوطني للصحافة - أكادير انفو - Agadir info,https://agadirinfo.ma/132541.html,اكادير انفو,2026-06-14,2026-07-15T19:05:55.352099+00:00,2026-07-15T21:28:33.259955+00:00,ar,خبار بلاديمجلس المستشارين يصادق بالأغلبية على إعادة تنظيم المجلس الوطني للصحافة صادقت لجنة التعليم والشؤون الثقافية والاجتماعية بمجلس المستشارين، اليوم الاثنين، بالأغلبية، على مشروع القانون,156,"{""region"": ""سوس ماسة"", ""primary_provinces"": [""أكادير إداوتنان""], ""primary_places"": [""أكادير""], ""secondary_provinces"": [], ""secondary_places"": []}","{""primary"": [], ""secondary"": []}","{""primary"": [], ""secondary"": []}","{""primary"": [{""id"": ""alliances_conflicts"", ""name"": ""التحالفات والخلافات السياسية"", ""hits"": [""أغلبية"", ""معارضة""]}, {""id"": ""elections"", ""name"": ""الانتخابات والاقتراع"", ""hits"": [""التصويت""]}], ""secondary"": [{""id"": ""political_statements"", ""name"": ""التصريحات والمواقف السياسية"", ""hits"": [""أكد""]}]}","{""level"": ""strong"", ""geographic_score"": 4, ""political_score"": 4, ""decision_reason"": ""صلة جغرافية وسياسية قوية"", ""geographic_reasons"": [""إقليم رئيسي داخل سوس ماسة"", ""مدينة أو مكان رئيسي داخل سوس ماسة""], ""political_reasons"": [""مواضيع سياسية: التحالفات والخلافات السياسية, الانتخابات والاقتراع""], ""accepted"": true}",[],evt_cabaf4e92cd4,2026-07-15T19:40:43.965972+00:00
6c3609546648d23d,agadirino,أكاديرينو,"بحضور قيادات حزبية.. شبيبة ""الأحرار"" بإنزكان آيت ملول تجدد دعمها لعمر أمين وتؤكد على مواصلة التعبئة - agadirino.ma",https://agadirino.ma/2026/06/11/%D8%A8%D8%AD%D8%B6%D9%88%D8%B1-%D9%82%D9%8A%D8%A7%D8%AF%D8%A7%D8%AA-%D8%AD%D8%B2%D8%A8%D9%8A%D8%A9-%D8%B4%D8%A8%D9%8A%D8%A8%D8%A9-%D8%A7%D9%84%D8%A3%D8%AD%D8%B1%D8%A7%D8%B1-%D8%A8%D8%A5%D9%86,Driss Driss,2026-06-10,2026-07-15T19:05:55.352099+00:00,2026-07-15T21:28:33.259955+00:00,ar,احتضن المقر الإقليمي لحزب التجمع الوطني للأحرار بإقليم إنزكان آيت ملول لقاءً تواصلياً نظمته الشبيبة التجمعية، بحضور لحسن السعدي، رئيس الفيدرالية الوطنية للشبيبة التجمعية، ورشيد,186,"{""region"": ""سوس ماسة"", ""primary_provinces"": [""إنزكان أيت ملول""], ""primary_places"": [""أيت ملول"", ""إنزكان""], ""secondary_provinces"": [], ""secondary_places"": []}","{""primary"": [{""id"": ""RNI"", ""name"": ""التجمع الوطني للأحرار""}], ""secondary"": []}","{""primary"": [{""id"": ""person_052"", ""name"": ""عمر أمين"", ""tier"": ""secondary""}, {""id"": ""person_006"", ""name"": ""لحسن السعدي"", ""tier"": ""priority""}, {""id"": ""person_032"", ""name"": ""مصطفى بودرقة"", ""tier"": ""secondary""}], ""secondary"": []}","{""primary"": [], ""secondary"": [{""id"": ""candidacy_nomination"", ""name"": ""الترشح والتزكية"", ""hits"": [""ترشح""]}, {""id"": ""political_statements"", ""name"": ""التصريحات والمواقف السياسية"", ""hits"": [""أكد""]}]}","{""level"": ""medium"", ""geographic_score"": 4, ""political_score"": 3, ""decision_reason"": ""صلة جغرافية وسياسية مقبولة"", ""geographic_reasons"": [""إقليم رئيسي داخل سوس ماسة"", ""مدينة أو مكان رئيسي داخل سوس ماسة""], ""political_reasons"": [""أحزاب رئيسية: التجمع الوطني للأحرار"", ""شخصيات رئيسية: عمر أمين, لحسن السعدي, مصطفى بودرقة""], ""accepted"": true}","[{""target_id"": ""RNI"", ""target_type"": ""party"", ""target_name"": ""التجمع الوطني للأحرار"", ""label"": ""neutral"", ""label_ar"": ""محايد أو إخباري"", ""confidence"": ""medium"", ""positive_score"": 0, ""negative_score"": 0, ""mention_count"": 2, ""editorial_segment_count"": 2, ""reported_segment_count"": 0, ""evidence"": []}, {""target_id"": ""person_052"", ""target_type"": ""person"", ""target_name"": ""عمر أمين"", ""label"": ""neutral"", ""label_ar"": ""محايد أو إخباري"", ""confidence"": ""medium"", ""positive_score"": 0, ""negative_score"": 0, ""mention_count"": 3, ""editorial_segment_count"": 3, ""reported_segment_count"": 0, ""evidence"": []}, {""target_id"": ""person_006"", ""target_type"": ""person"", ""target_name"": ""لحسن السعدي"", ""label"": ""neutral"", ""label_ar"": ""محايد أو إخباري"", ""confidence"": ""low"", ""positive_score"": 0, ""negative_score"": 0, ""mention_count"": 1, ""editorial_segment_count"": 1, ""reported_segment_count"": 0, ""evidence"": []}, {""target_id"": ""person_032"", ""target_type"": ""person"", ""target_name"": ""مصطفى بودرقة"", ""label"": ""neutral"", ""label_ar"": ""محايد أو إخباري"", ""confidence"": ""low"", ""positive_score"": 0, ""negative_score"": 0, ""mention_count"": 1, ""editorial_segment_count"": 1, ""reported_segment_count"": 0, ""evidence"": []}]",evt_6c3609546648,2026-07-15T21:28:33.259955+00:00
d9a056234239440d,agadirino,أكاديرينو,"انتخابات 2026.. ""الأحرار"" يكشف وكلاء لوائحه الانتخابية بجهة سوس ماسة - agadirino.ma",https://agadirino.ma/2026/06/05/%D8%A7%D9%86%D8%AA%D8%AE%D8%A7%D8%A8%D8%A7%D8%AA-2026-%D8%A7%D9%84%D8%A3%D8%AD%D8%B1%D8%A7%D8%B1-%D9%8A%D9%83%D8%B4%D9%81-%D9%88%D9%83%D9%84%D8%A7%D8%A1-%D9%84%D9%88%D8%A7%D8%A6%D8%AD%D9%87,Driss Driss,2026-06-04,2026-07-15T19:05:55.352099+00:00,2026-07-15T21:28:33.259955+00:00,ar,أعلن حزب التجمع الوطني للأحرار، اليوم الجمعة 5 يونيو 2026، عن أسماء وكلاء لوائحه الانتخابية بجهة سوس ماسة، وذلك في إطار استعداداته لخوض الانتخابات التشريعية,156,"{""region"": ""سوس ماسة"", ""primary_provinces"": [""أكادير إداوتنان"", ""إنزكان أيت ملول""], ""primary_places"": [""أكادير"", ""أيت ملول""], ""secondary_provinces"": [""طاطا"", ""اشتوكة أيت باها"", ""تارودانت""], ""secondary_places"": [""ماسة"", ""إنزكان"", ""طاطا"", ""أيت باها"", ""تارودانت""]}","{""primary"": [{""id"": ""RNI"", ""name"": ""التجمع الوطني للأحرار""}], ""secondary"": []}","{""primary"": [{""id"": ""person_006"", ""name"": ""لحسن السعدي"", ""tier"": ""priority""}, {""id"": ""person_052"", ""name"": ""عمر أمين"", ""tier"": ""secondary""}], ""secondary"": [{""id"": ""person_061"", ""name"": ""إسماعيل كرام"", ""tier"": ""secondary""}, {""id"": ""person_084"", ""name"": ""عبد الله غازي"", ""tier"": ""secondary""}]}","{""primary"": [{""id"": ""elections"", ""name"": ""الانتخابات والاقتراع"", ""hits"": [""انتخابات"", ""اللوائح الانتخابية"", ""انتخابية"", ""استحقاقات""]}], ""secondary"": [{""id"": ""political_statements"", ""name"": ""التصريحات والمواقف السياسية"", ""hits"": [""بلاغ""]}, {""id"": ""candidacy_nomination"", ""name"": ""الترشح والتزكية"", ""hits"": [""وكيل اللائحة""]}]}","{""level"": ""strong"", ""geographic_score"": 4, ""political_score"": 6, ""decision_reason"": ""صلة جغرافية وسياسية قوية"", ""geographic_reasons"": [""إقليم رئيسي داخل سوس ماسة"", ""مدينة أو مكان رئيسي داخل سوس ماسة""], ""political_reasons"": [""أحزاب رئيسية: التجمع الوطني للأحرار"", ""شخصيات رئيسية: لحسن السعدي, عمر أمين"", ""مواضيع سياسية: الانتخابات والاقتراع""], ""accepted"": true}","[{""target_id"": ""RNI"", ""target_type"": ""party"", ""target_name"": ""التجمع الوطني للأحرار"", ""label"": ""neutral"", ""label_ar"": ""محايد أو إخباري"", ""confidence"": ""medium"", ""positive_score"": 0, ""negative_score"": 0, ""mention_count"": 4, ""editorial_segment_count"": 2, ""reported_segment_count"": 2, ""evidence"": []}, {""target_id"": ""person_006"", ""target_type"": ""person"", ""target_name"": ""لحسن السعدي"", ""label"": ""neutral"", ""label_ar"": ""محايد أو إخباري"", ""confidence"": ""low"", ""positive_score"": 0, ""negative_score"": 0, ""mention_count"": 1, ""editorial_segment_count"": 0, ""reported_segment_count"": 1, ""evidence"": []}, {""target_id"": ""person_052"", ""target_type"": ""person"", ""target_name"": ""عمر أمين"", ""label"": ""neutral"", ""label_ar"": ""محايد أو إخباري"", ""confidence"": ""low"", ""positive_score"": 0, ""negative_score"": 0, ""mention_count"": 1, ""editorial_segment_count"": 0, ""reported_segment_count"": 1, ""evidence"": []}, {""target_id"": ""person_061"", ""target_type"": ""person"", ""target_name"": ""إسماعيل كرام"", ""label"": ""neutral"", ""label_ar"": ""محايد أو إخباري"", ""confidence"": ""low"", ""positive_score"": 0, ""negative_score"": 0, ""mention_count"": 1, ""editorial_segment_count"": 1, ""reported_segment_count"": 0, ""evidence"": []}, {""target_id"": ""person_084"", ""target_type"": ""person"", ""target_name"": ""عبد الله غازي"", ""label"": ""neutral"", ""label_ar"": ""محايد أو إخباري"", ""confidence"": ""low"", ""positive_score"": 0, ""negative_score"": 0, ""mention_count"": 1, ""editorial_segment_count"": 1, ""reported_segment_count"": 0, ""evidence"": []}]",evt_d9a056234239,2026-07-15T21:28:33.259955+00:00
9287ae682fe12209,taroudantalaan,تارودانت الآن,عبد الصمد قيوح من تارودانت: تعزيز التنمية المجالية في صلب أولويات حزب الاستقلال | تارودانت الآن الإخبارية,https://taroudantalaan.ma/politique/%D8%B9%D8%A8%D8%AF-%D8%A7%D9%84%D8%B5%D9%85%D8%AF-%D9%82%D9%8A%D9%88%D8%AD-%D9%85%D9%86-%D8%AA%D8%A7%D8%B1%D9%88%D8%AF%D8%A7%D9%86%D8%AA-%D8%AA%D8%B9%D8%B2%D9%8A%D8%B2-%D8%A7%D9%84%D8%AA%D9%86%D9%85,تارودانت الآن الإخبارية,2026-06-04,2026-07-15T19:05:55.352099+00:00,2026-07-15T21:28:33.259955+00:00,ar,عقد حزب الاستقلال، اليوم الجمعة 5 يونيو 2026، بمدينة تارودانت، أشغال الدورة العادية لمجلسه الإقليمي، بحضور عدد من أعضاء الحزب ومنتخبيه وفعالياته التنظيمية بالإقليم. وتميز,208,"{""region"": ""سوس ماسة"", ""primary_provinces"": [""تارودانت""], ""primary_places"": [""تارودانت""], ""secondary_provinces"": [], ""secondary_places"": []}","{""primary"": [{""id"": ""PI"", ""name"": ""حزب الاستقلال""}], ""secondary"": []}","{""primary"": [{""id"": ""person_004"", ""name"": ""عبد الصمد قيوح"", ""tier"": ""priority""}, {""id"": ""person_005"", ""name"": ""زينب قيوح"", ""tier"": ""priority""}, {""id"": ""person_015"", ""name"": ""عبد العزيز البهجة"", ""tier"": ""priority""}], ""secondary"": []}","{""primary"": [], ""secondary"": [{""id"": ""political_statements"", ""name"": ""التصريحات والمواقف السياسية"", ""hits"": [""أكد""]}]}","{""level"": ""medium"", ""geographic_score"": 4, ""political_score"": 3, ""decision_reason"": ""صلة جغرافية وسياسية مقبولة"", ""geographic_reasons"": [""إقليم رئيسي داخل سوس ماسة"", ""مدينة أو مكان رئيسي داخل سوس ماسة""], ""political_reasons"": [""أحزاب رئيسية: حزب الاستقلال"", ""شخصيات رئيسية: عبد الصمد قيوح, زينب قيوح, عبد العزيز البهجة""], ""accepted"": true}","[{""target_id"": ""PI"", ""target_type"": ""party"", ""target_name"": ""حزب الاستقلال"", ""label"": ""neutral"", ""label_ar"": ""محايد أو إخباري"", ""confidence"": ""medium"", ""positive_score"": 0, ""negative_score"": 0, ""mention_count"": 2, ""editorial_segment_count"": 2, ""reported_segment_count"": 0, ""evidence"": []}, {""target_id"": ""person_004"", ""target_type"": ""person"", ""target_name"": ""عبد الصمد قيوح"", ""label"": ""neutral"", ""label_ar"": ""محايد أو إخباري"", ""confidence"": ""medium"", ""positive_score"": 0, ""negative_score"": 0, ""mention_count"": 3, ""editorial_segment_count"": 3, ""reported_segment_count"": 0, ""evidence"": []}, {""target_id"": ""person_005"", ""target_type"": ""person"", ""target_name"": ""زينب قيوح"", ""label"": ""neutral"", ""label_ar"": ""محايد أو إخباري"", ""confidence"": ""low"", ""positive_score"": 0, ""negative_score"": 0, ""mention_count"": 1, ""editorial_segment_count"": 1, ""reported_segment_count"": 0, ""evidence"": []}, {""target_id"": ""person_015"", ""target_type"": ""person"", ""target_name"": ""عبد العزيز البهجة"", ""label"": ""neutral"", ""label_ar"": ""محايد أو إخباري"", ""confidence"": ""low"", ""positive_score"": 0, ""negative_score"": 0, ""mention_count"": 1, ""editorial_segment_count"": 1, ""reported_segment_count"": 0, ""evidence"": []}]",evt_9287ae682fe1,2026-07-15T21:28:33.259955+00:00
80d97ec439c89abe,machahid,مشاهد,الاستقلال يحسم رئاسة مجموعتين.. ويعزز حضوره بتدبير قطاع حفظ الصحة باشتوكة أيت باها,https://machahid.info/367790.html,ع ف,2026-05-06,2026-07-15T18:54:30.124058+01:00,2026-07-15T19:06:19.945226+01:00,ar,بعد 4 ساعات من التداول، استطاعت لطيفة ويداين عن حزب الاستقلال، من الفوز برئاسة مجموعة جماعات “تادوسي” لحفظ الصحة بإقليم اشتوكة أيت باها بعد أن…,192,"{""region"": ""سوس ماسة"", ""primary_provinces"": [""اشتوكة أيت باها""], ""primary_places"": [], ""secondary_provinces"": [], ""secondary_places"": []}","{""primary"": [{""id"": ""RNI"", ""name"": ""التجمع الوطني للأحرار""}, {""id"": ""PI"", ""name"": ""حزب الاستقلال""}], ""secondary"": []}","{""primary"": [{""name"": ""لطيفة ويداين"", ""tier"": ""secondary"", ""province"": ""اشتوكة أيت باها""}], ""secondary"": []}","{""primary"": [{""id"": ""elected_councils"", ""name"": ""المجالس المنتخبة والتدبير المحلي""}], ""secondary"": [{""id"": ""elections"", ""name"": ""الانتخابات والاقتراع""}, {""id"": ""candidacy_nomination"", ""name"": ""الترشح والتزكية""}, {""id"": ""alliances_conflicts"", ""name"": ""التحالفات والخلافات السياسية""}, {""id"": ""political_statements"", ""name"": ""التصريحات والمواقف السياسية""}]}","{""level"": ""strong"", ""geographic_score"": 4, ""political_score"": 7, ""decision_reason"": ""صلة جغرافية وسياسية قوية"", ""geographic_reasons"": [""إقليم أو مكان رئيسي داخل سوس ماسة"", ""شخصية جهوية أو محلية: لطيفة ويداين""], ""political_reasons"": [""أحزاب رئيسية: التجمع الوطني للأحرار، حزب الاستقلال"", ""موضوع سياسي رئيسي: المجالس المنتخبة والتدبير المحلي"", ""وجود شخصية سياسية معروفة""], ""accepted"": true}","[{""target_id"": ""RNI"", ""target_type"": ""party"", ""target_name"": ""التجمع الوطني للأحرار"", ""label"": ""neutral"", ""label_ar"": ""محايد أو إخباري"", ""confidence"": ""low"", ""positive_score"": 0, ""negative_score"": 0, ""mention_count"": 2, ""editorial_segment_count"": 2, ""reported_segment_count"": 0, ""evidence"": []}, {""target_id"": ""PI"", ""target_type"": ""party"", ""target_name"": ""حزب الاستقلال"", ""label"": ""favorable"", ""label_ar"": ""إيجابي أو داعم"", ""confidence"": ""high"", ""positive_score"": 6, ""negative_score"": 0, ""mention_count"": 7, ""editorial_segment_count"": 6, ""reported_segment_count"": 1, ""evidence"": [{""location"": ""title"", ""positive_terms"": [""يحسم"", ""يعزز حضوره""], ""negative_terms"": [], ""reported_statement"": false}]}, {""target_id"": ""person_072"", ""target_type"": ""person"", ""target_name"": ""لطيفة ويداين"", ""label"": ""neutral"", ""label_ar"": ""محايد أو إخباري"", ""confidence"": ""low"", ""positive_score"": 0, ""negative_score"": 0, ""mention_count"": 1, ""editorial_segment_count"": 1, ""reported_segment_count"": 0, ""evidence"": []}]",evt_80d97ec439c8,2026-07-15T19:21:12.873514+01:00
a29b8de27ca6e7e6,taroudantalaan,تارودانت الآن,أولاد تايمة تحتضن لقاء تواصليا لمنتخبي حزب “البام” حول حصيلة التدبير الترابي وتحديات المرحلة | تارودانت الآن الإخبارية,https://taroudantalaan.ma/politique/%D8%A3%D9%88%D9%84%D8%A7%D8%AF-%D8%AA%D8%A7%D9%8A%D9%85%D8%A9-%D8%AA%D8%AD%D8%AA%D8%B6%D9%86-%D9%84%D9%82%D8%A7%D8%A1-%D8%AA%D9%88%D8%A7%D8%B5%D9%84%D9%8A%D8%A7-%D9%84%D9%85%D9%86%D8%AA%D8%AE%D8%A8,تارودانت الآن الإخبارية,2026-04-15,2026-07-15T19:05:55.352099+00:00,2026-07-15T21:28:33.259955+00:00,ar,في سياق الدينامية التنظيمية المتواصلة التي يشهدها حزب الأصالة والمعاصرة، وتنزيلا لاختياراته الرامية إلى ترسيخ سياسة القرب وتعزيز آليات التواصل مع المواطنات والمواطنين، تنظم الأمانة,314,"{""region"": ""سوس ماسة"", ""primary_provinces"": [""تارودانت""], ""primary_places"": [""أولاد تايمة"", ""تارودانت""], ""secondary_provinces"": [], ""secondary_places"": []}","{""primary"": [{""id"": ""PAM"", ""name"": ""حزب الأصالة والمعاصرة""}], ""secondary"": []}","{""primary"": [], ""secondary"": []}","{""primary"": [{""id"": ""political_statements"", ""name"": ""التصريحات والمواقف السياسية"", ""hits"": [""بلاغ"", ""أكد""]}], ""secondary"": []}","{""level"": ""strong"", ""geographic_score"": 4, ""political_score"": 4, ""decision_reason"": ""صلة جغرافية وسياسية قوية"", ""geographic_reasons"": [""إقليم رئيسي داخل سوس ماسة"", ""مدينة أو مكان رئيسي داخل سوس ماسة""], ""political_reasons"": [""أحزاب رئيسية: حزب الأصالة والمعاصرة"", ""مواضيع سياسية: التصريحات والمواقف السياسية""], ""accepted"": true}","[{""target_id"": ""PAM"", ""target_type"": ""party"", ""target_name"": ""حزب الأصالة والمعاصرة"", ""label"": ""neutral"", ""label_ar"": ""محايد أو إخباري"", ""confidence"": ""medium"", ""positive_score"": 0, ""negative_score"": 0, ""mention_count"": 3, ""editorial_segment_count"": 1, ""reported_segment_count"": 2, ""evidence"": []}]",evt_a29b8de27ca6,2026-07-15T21:28:33.259955+00:00
a9ccbe367f5ae197,tiznit24,تيزنيت24,مجلس مجموعة الجماعات الترابية “تيزنيت الكبرى” يصادق بالإجماع على نقاط دورة فبراير 2026,https://tiznit24.com/?p=191124,,2026-02-26,2026-07-15T19:05:55.352099+00:00,2026-07-15T21:28:33.259955+00:00,ar,طبقا لمقتضيات القانون التنظيمي رقم 112.14 المتعلق بالعمالات والأقاليم، والقانون التنظيمي رقم 113.14 المتعلق بالجماعات. عقد مجلس مجموعة الجماعات الترابية “تيزنيت الكبرى” يومه الخميس 26,162,"{""region"": ""سوس ماسة"", ""primary_provinces"": [""اشتوكة أيت باها""], ""primary_places"": [""ماسة""], ""secondary_provinces"": [], ""secondary_places"": []}","{""primary"": [], ""secondary"": []}","{""primary"": [], ""secondary"": []}","{""primary"": [{""id"": ""elected_councils"", ""name"": ""المجالس المنتخبة والتدبير المحلي"", ""hits"": [""مجموعة الجماعات""]}], ""secondary"": [{""id"": ""alliances_conflicts"", ""name"": ""التحالفات والخلافات السياسية"", ""hits"": [""أغلبية""]}]}","{""level"": ""medium"", ""geographic_score"": 4, ""political_score"": 2, ""decision_reason"": ""صلة جغرافية وسياسية مقبولة"", ""geographic_reasons"": [""إقليم رئيسي داخل سوس ماسة"", ""مدينة أو مكان رئيسي داخل سوس ماسة""], ""political_reasons"": [""مواضيع سياسية: المجالس المنتخبة والتدبير المحلي""], ""accepted"": true}",[],evt_a9ccbe367f5a,2026-07-15T19:40:43.965972+00:00
0506ac1dc64779b1,taroudantalaan,تارودانت الآن,تارودانت.. المجلس الإقليمي لحزب التقدم والاشتراكية يناقش الأوضاع الوطنية والتنظيمية | تارودانت الآن الإخبارية,https://taroudantalaan.ma/politique/%D8%AA%D8%A7%D8%B1%D9%88%D8%AF%D8%A7%D9%86%D8%AA-%D8%A7%D9%84%D9%85%D8%AC%D9%84%D8%B3-%D8%A7%D9%84%D8%A5%D9%82%D9%84%D9%8A%D9%85%D9%8A-%D9%84%D8%AD%D8%B2%D8%A8-%D8%A7%D9%84%D8%AA%D9%82%D8%AF%D9%85,تارودانت الآن الإخبارية,2026-02-08,2026-07-15T19:05:55.352099+00:00,2026-07-15T21:28:33.259955+00:00,ar,انعقد صباح أمس الأحد 8 فبراير 2026 المجلس الإقليمي لحزب التقدم والاشتراكية بإقليم تارودانت، تحت إشراف عضوة المكتب السياسي للحزب، خديجة الباز، وبحضور عبد الله,187,"{""region"": ""سوس ماسة"", ""primary_provinces"": [""تارودانت""], ""primary_places"": [""تارودانت""], ""secondary_provinces"": [], ""secondary_places"": []}","{""primary"": [{""id"": ""PPS"", ""name"": ""حزب التقدم والاشتراكية""}], ""secondary"": []}","{""primary"": [{""id"": ""person_079"", ""name"": ""عبد الله أفلا"", ""tier"": ""secondary""}], ""secondary"": []}","{""primary"": [{""id"": ""elected_councils"", ""name"": ""المجالس المنتخبة والتدبير المحلي"", ""hits"": [""المجلس الإقليمي""]}], ""secondary"": [{""id"": ""elections"", ""name"": ""الانتخابات والاقتراع"", ""hits"": [""استحقاقات""]}]}","{""level"": ""strong"", ""geographic_score"": 4, ""political_score"": 5, ""decision_reason"": ""صلة جغرافية وسياسية قوية"", ""geographic_reasons"": [""إقليم رئيسي داخل سوس ماسة"", ""مدينة أو مكان رئيسي داخل سوس ماسة""], ""political_reasons"": [""أحزاب رئيسية: حزب التقدم والاشتراكية"", ""شخصيات رئيسية: عبد الله أفلا"", ""مواضيع سياسية: المجالس المنتخبة والتدبير المحلي""], ""accepted"": true}","[{""target_id"": ""PPS"", ""target_type"": ""party"", ""target_name"": ""حزب التقدم والاشتراكية"", ""label"": ""neutral"", ""label_ar"": ""محايد أو إخباري"", ""confidence"": ""medium"", ""positive_score"": 0, ""negative_score"": 0, ""mention_count"": 3, ""editorial_segment_count"": 2, ""reported_segment_count"": 1, ""evidence"": []}, {""target_id"": ""person_079"", ""target_type"": ""person"", ""target_name"": ""عبد الله أفلا"", ""label"": ""neutral"", ""label_ar"": ""محايد أو إخباري"", ""confidence"": ""low"", ""positive_score"": 0, ""negative_score"": 0, ""mention_count"": 1, ""editorial_segment_count"": 1, ""reported_segment_count"": 0, ""evidence"": []}]",evt_0506ac1dc647,2026-07-15T21:28:33.259955+00:00
5ee6a764a42b4b51,agadirinfo,أكادير أنفو,بالفيديو : مدرسة المجاهدين بأكادير … لقاء تواصلي ناجح وانخراط في تعزيز علاقة المدرسة والأسرة في خدمة تلميذ هذا الوطن - أكادير انفو - Agadir info,https://agadirinfo.ma/128280.html,اكادير انفو,2026-01-12,2026-07-15T19:05:55.352099+00:00,2026-07-15T21:28:33.259955+00:00,ar,أكادير انفو TVبالفيديو : مدرسة المجاهدين بأكادير … لقاء تواصلي ناجح وانخراط في تعزيز علاقة المدرسة والأسرة في خدمة تلميذ هذا الوطن جمعت المحطة الثانية,108,"{""region"": ""سوس ماسة"", ""primary_provinces"": [""أكادير إداوتنان""], ""primary_places"": [""أكادير""], ""secondary_provinces"": [], ""secondary_places"": []}","{""primary"": [], ""secondary"": []}","{""primary"": [], ""secondary"": []}","{""primary"": [{""id"": ""party_activity"", ""name"": ""الأنشطة والتنظيمات الحزبية"", ""hits"": [""لقاء تواصلي""]}], ""secondary"": []}","{""level"": ""medium"", ""geographic_score"": 4, ""political_score"": 3, ""decision_reason"": ""صلة جغرافية وسياسية مقبولة"", ""geographic_reasons"": [""إقليم رئيسي داخل سوس ماسة"", ""مدينة أو مكان رئيسي داخل سوس ماسة""], ""political_reasons"": [""مواضيع سياسية: الأنشطة والتنظيمات الحزبية""], ""accepted"": true}",[],evt_5ee6a764a42b,2026-07-15T19:40:43.965972+00:00
955651b178bac35f,taroudantalaan,تارودانت الآن,استعدادا للانتخابات.. أخنوش يحل بإقليم تارودانت لإصلاح أعطاب المنسق الجهوي.. استنجد بالبهجة ويزور الحاج بودلال بأولاد تايمة | تارودانت الآن الإخبارية,https://taroudantalaan.ma/politique/%D8%A7%D8%B3%D8%AA%D8%B9%D8%AF%D8%A7%D8%AF%D8%A7-%D9%84%D9%84%D8%A7%D9%86%D8%AA%D8%AE%D8%A7%D8%A8%D8%A7%D8%AA-%D8%A3%D8%AE%D9%86%D9%88%D8%B4-%D9%8A%D8%AD%D9%84-%D8%A8%D8%A5%D9%82%D9%84%D9%8A%D9%85,تارودانت الآن الإخبارية,2025-06-19,2026-07-15T19:05:55.352099+00:00,2026-07-15T21:28:33.259955+00:00,ar,حلّ عزيز أخنوش، رئيس حزب التجمع الوطني للأحرار، صباح اليوم الجمعة، بمدينة أولاد برحيل، حيث قام بزيارة إلى منزل القيادي البارز والبرلماني السابق حاميد البهجة،,262,"{""region"": ""سوس ماسة"", ""primary_provinces"": [""تارودانت""], ""primary_places"": [""أولاد تايمة"", ""تارودانت""], ""secondary_provinces"": [""اشتوكة أيت باها""], ""secondary_places"": [""أولاد برحيل"", ""ماسة""]}","{""primary"": [{""id"": ""RNI"", ""name"": ""التجمع الوطني للأحرار""}], ""secondary"": []}","{""primary"": [{""id"": ""person_001"", ""name"": ""عزيز أخنوش"", ""tier"": ""priority""}, {""id"": ""person_003"", ""name"": ""كريم أشنكلي"", ""tier"": ""priority""}], ""secondary"": []}","{""primary"": [{""id"": ""elections"", ""name"": ""الانتخابات والاقتراع"", ""hits"": [""انتخابات"", ""الاستحقاقات""]}], ""secondary"": [{""id"": ""elected_councils"", ""name"": ""المجالس المنتخبة والتدبير المحلي"", ""hits"": [""المجلس الجماعي"", ""مجلس الجهة""]}, {""id"": ""resignation_defection"", ""name"": ""الاستقالة وتغيير الانتماء"", ""hits"": [""استقالة""]}, {""id"": ""alliances_conflicts"", ""name"": ""التحالفات والخلافات السياسية"", ""hits"": [""صراع""]}, {""id"": ""government_politics"", ""name"": ""السياسات والحصيلة الحكومية"", ""hits"": [""رئيس الحكومة""]}]}","{""level"": ""strong"", ""geographic_score"": 4, ""political_score"": 6, ""decision_reason"": ""صلة جغرافية وسياسية قوية"", ""geographic_reasons"": [""إقليم رئيسي داخل سوس ماسة"", ""مدينة أو مكان رئيسي داخل سوس ماسة""], ""political_reasons"": [""أحزاب رئيسية: التجمع الوطني للأحرار"", ""شخصيات رئيسية: عزيز أخنوش, كريم أشنكلي"", ""مواضيع سياسية: الانتخابات والاقتراع""], ""accepted"": true}","[{""target_id"": ""RNI"", ""target_type"": ""party"", ""target_name"": ""التجمع الوطني للأحرار"", ""label"": ""neutral"", ""label_ar"": ""محايد أو إخباري"", ""confidence"": ""medium"", ""positive_score"": 0, ""negative_score"": 0, ""mention_count"": 2, ""editorial_segment_count"": 1, ""reported_segment_count"": 1, ""evidence"": []}, {""target_id"": ""person_001"", ""target_type"": ""person"", ""target_name"": ""عزيز أخنوش"", ""label"": ""neutral"", ""label_ar"": ""محايد أو إخباري"", ""confidence"": ""medium"", ""positive_score"": 0, ""negative_score"": 0, ""mention_count"": 4, ""editorial_segment_count"": 3, ""reported_segment_count"": 1, ""evidence"": []}, {""target_id"": ""person_003"", ""target_type"": ""person"", ""target_name"": ""كريم أشنكلي"", ""label"": ""neutral"", ""label_ar"": ""محايد أو إخباري"", ""confidence"": ""low"", ""positive_score"": 0, ""negative_score"": 0, ""mention_count"": 1, ""editorial_segment_count"": 0, ""reported_segment_count"": 1, ""evidence"": []}]",evt_955651b178ba,2026-07-15T21:28:33.259955+00:00
c1f62dbeb8707d6a,taroudantalaan,تارودانت الآن,جماعة توغمرت تحت الحصار السياسي: السلطة تتدخل والمشاريع تتعطل | تارودانت الآن الإخبارية,https://taroudantalaan.ma/politique/%D8%AC%D9%85%D8%A7%D8%B9%D8%A9-%D8%AA%D9%88%D8%BA%D9%85%D8%B1%D8%AA-%D8%AA%D8%AD%D8%AA-%D8%A7%D9%84%D8%AD%D8%B5%D8%A7%D8%B1-%D8%A7%D9%84%D8%B3%D9%8A%D8%A7%D8%B3%D9%8A-%D8%A7%D9%84%D8%B3%D9%84%D8%B7,تارودانت الآن الإخبارية,2025-05-08,2026-07-15T19:05:55.352099+00:00,2026-07-15T21:28:33.259955+00:00,ar,شهدت جماعة توغمرت، التابعة لإقليم تارودانت، صباح يوم الأربعاء 7 ماي 2025، انعقاد الدورة العادية للمجلس الجماعي في أجواء استثنائية، تميّزت بالحضور الأمني والرفض الجماعي,268,"{""region"": ""سوس ماسة"", ""primary_provinces"": [""تارودانت""], ""primary_places"": [""تارودانت""], ""secondary_provinces"": [], ""secondary_places"": []}","{""primary"": [{""id"": ""RNI"", ""name"": ""التجمع الوطني للأحرار""}], ""secondary"": []}","{""primary"": [], ""secondary"": []}","{""primary"": [], ""secondary"": [{""id"": ""elections"", ""name"": ""الانتخابات والاقتراع"", ""hits"": [""التصويت""]}, {""id"": ""elected_councils"", ""name"": ""المجالس المنتخبة والتدبير المحلي"", ""hits"": [""رئيس الجماعة""]}]}","{""level"": ""medium"", ""geographic_score"": 4, ""political_score"": 2, ""decision_reason"": ""صلة جغرافية وسياسية مقبولة"", ""geographic_reasons"": [""إقليم رئيسي داخل سوس ماسة"", ""مدينة أو مكان رئيسي داخل سوس ماسة""], ""political_reasons"": [""أحزاب رئيسية: التجمع الوطني للأحرار""], ""accepted"": true}","[{""target_id"": ""RNI"", ""target_type"": ""party"", ""target_name"": ""التجمع الوطني للأحرار"", ""label"": ""neutral"", ""label_ar"": ""محايد أو إخباري"", ""confidence"": ""low"", ""positive_score"": 0, ""negative_score"": 0, ""mention_count"": 1, ""editorial_segment_count"": 1, ""reported_segment_count"": 0, ""evidence"": []}]",evt_c1f62dbeb870,2026-07-15T21:28:33.259955+00:00
78373d1d12860315,taroudantalaan,تارودانت الآن,أولاد تايمة… حزب الأصالة والمعاصرة يفتح آفاق التمكين السياسي والاقتصادي أمام المرأة | تارودانت الآن الإخبارية,https://taroudantalaan.ma/politique/%D8%A3%D9%88%D9%84%D8%A7%D8%AF-%D8%AA%D8%A7%D9%8A%D9%85%D8%A9-%D8%AD%D8%B2%D8%A8-%D8%A7%D9%84%D8%A3%D8%B5%D8%A7%D9%84%D8%A9-%D9%88%D8%A7%D9%84%D9%85%D8%B9%D8%A7%D8%B5%D8%B1%D8%A9-%D9%8A%D9%81%D8%AA,تارودانت الآن الإخبارية,2025-04-26,2026-07-15T19:05:55.352099+00:00,2026-07-15T21:28:33.259955+00:00,ar,في إطار تعزيز قدرات النساء وتمكينهن، نظم المكتب الجهوي لمنظمة نساء الأصالة والمعاصرة بجهة سوس ماسة، بشراكة مع الأمانة المحلية للحزب بأولاد تايمة (اللجنة النسائية)،,157,"{""region"": ""سوس ماسة"", ""primary_provinces"": [""تارودانت""], ""primary_places"": [""أولاد تايمة"", ""تارودانت""], ""secondary_provinces"": [""اشتوكة أيت باها""], ""secondary_places"": [""ماسة""]}","{""primary"": [{""id"": ""PAM"", ""name"": ""حزب الأصالة والمعاصرة""}, {""id"": ""PI"", ""name"": ""حزب الاستقلال""}], ""secondary"": []}","{""primary"": [], ""secondary"": [{""id"": ""person_016"", ""name"": ""أحمد أوزيك"", ""tier"": ""priority""}]}","{""primary"": [], ""secondary"": []}","{""level"": ""medium"", ""geographic_score"": 4, ""political_score"": 2, ""decision_reason"": ""صلة جغرافية وسياسية مقبولة"", ""geographic_reasons"": [""إقليم رئيسي داخل سوس ماسة"", ""مدينة أو مكان رئيسي داخل سوس ماسة""], ""political_reasons"": [""أحزاب رئيسية: حزب الأصالة والمعاصرة, حزب الاستقلال""], ""accepted"": true}","[{""target_id"": ""PAM"", ""target_type"": ""party"", ""target_name"": ""حزب الأصالة والمعاصرة"", ""label"": ""neutral"", ""label_ar"": ""محايد أو إخباري"", ""confidence"": ""medium"", ""positive_score"": 0, ""negative_score"": 0, ""mention_count"": 2, ""editorial_segment_count"": 1, ""reported_segment_count"": 1, ""evidence"": []}, {""target_id"": ""PI"", ""target_type"": ""party"", ""target_name"": ""حزب الاستقلال"", ""label"": ""neutral"", ""label_ar"": ""محايد أو إخباري"", ""confidence"": ""low"", ""positive_score"": 0, ""negative_score"": 0, ""mention_count"": 0, ""editorial_segment_count"": 0, ""reported_segment_count"": 0, ""evidence"": []}, {""target_id"": ""person_016"", ""target_type"": ""person"", ""target_name"": ""أحمد أوزيك"", ""label"": ""neutral"", ""label_ar"": ""محايد أو إخباري"", ""confidence"": ""low"", ""positive_score"": 0, ""negative_score"": 0, ""mention_count"": 1, ""editorial_segment_count"": 1, ""reported_segment_count"": 0, ""evidence"": []}]",evt_78373d1d1286,2026-07-15T21:28:33.259955+00:00
e858558345fbc300,taroudantalaan,تارودانت الآن,تارودانت: حزب الاستقلال يناقش تحديات الإقليم ويستعد للاستحقاقات المقبلة | تارودانت الآن الإخبارية,https://taroudantalaan.ma/politique/%D8%AA%D8%A7%D8%B1%D9%88%D8%AF%D8%A7%D9%86%D8%AA-%D8%AD%D8%B2%D8%A8-%D8%A7%D9%84%D8%A7%D8%B3%D8%AA%D9%82%D9%84%D8%A7%D9%84-%D9%8A%D9%86%D8%A7%D9%82%D8%B4-%D8%AA%D8%AD%D8%AF%D9%8A%D8%A7%D8%AA-%D8%A7,تارودانت الآن الإخبارية,2025-04-26,2026-07-15T19:05:55.352099+00:00,2026-07-15T21:28:33.259955+00:00,ar,عقد حزب الاستقلال بتارودانت، صباح اليوم الأحد 27 أبريل 2025، دورته العادية للمجلس الإقليمي، بقاعة شهرمان، تحت شعار: “تقوية المسار الديمقراطي رهين بتخليق الحياة العامة”،,213,"{""region"": ""سوس ماسة"", ""primary_provinces"": [""تارودانت""], ""primary_places"": [""تارودانت""], ""secondary_provinces"": [""اشتوكة أيت باها""], ""secondary_places"": [""ماسة""]}","{""primary"": [{""id"": ""PI"", ""name"": ""حزب الاستقلال""}], ""secondary"": []}","{""primary"": [{""id"": ""person_004"", ""name"": ""عبد الصمد قيوح"", ""tier"": ""priority""}, {""id"": ""person_015"", ""name"": ""عبد العزيز البهجة"", ""tier"": ""priority""}], ""secondary"": []}","{""primary"": [{""id"": ""elections"", ""name"": ""الانتخابات والاقتراع"", ""hits"": [""استحقاقات"", ""الاستحقاقات الانتخابية"", ""الاستحقاقات""]}], ""secondary"": [{""id"": ""elected_councils"", ""name"": ""المجالس المنتخبة والتدبير المحلي"", ""hits"": [""المجلس الإقليمي""]}, {""id"": ""political_statements"", ""name"": ""التصريحات والمواقف السياسية"", ""hits"": [""أكد""]}]}","{""level"": ""strong"", ""geographic_score"": 4, ""political_score"": 6, ""decision_reason"": ""صلة جغرافية وسياسية قوية"", ""geographic_reasons"": [""إقليم رئيسي داخل سوس ماسة"", ""مدينة أو مكان رئيسي داخل سوس ماسة""], ""political_reasons"": [""أحزاب رئيسية: حزب الاستقلال"", ""شخصيات رئيسية: عبد الصمد قيوح, عبد العزيز البهجة"", ""مواضيع سياسية: الانتخابات والاقتراع""], ""accepted"": true}","[{""target_id"": ""PI"", ""target_type"": ""party"", ""target_name"": ""حزب الاستقلال"", ""label"": ""neutral"", ""label_ar"": ""محايد أو إخباري"", ""confidence"": ""medium"", ""positive_score"": 0, ""negative_score"": 0, ""mention_count"": 2, ""editorial_segment_count"": 1, ""reported_segment_count"": 1, ""evidence"": []}, {""target_id"": ""person_004"", ""target_type"": ""person"", ""target_name"": ""عبد الصمد قيوح"", ""label"": ""neutral"", ""label_ar"": ""محايد أو إخباري"", ""confidence"": ""medium"", ""positive_score"": 0, ""negative_score"": 0, ""mention_count"": 2, ""editorial_segment_count"": 1, ""reported_segment_count"": 1, ""evidence"": []}, {""target_id"": ""person_015"", ""target_type"": ""person"", ""target_name"": ""عبد العزيز البهجة"", ""label"": ""neutral"", ""label_ar"": ""محايد أو إخباري"", ""confidence"": ""low"", ""positive_score"": 0, ""negative_score"": 0, ""mention_count"": 1, ""editorial_segment_count"": 1, ""reported_segment_count"": 0, ""evidence"": []}]",evt_e858558345fb,2026-07-15T21:28:33.259955+00:00
f7147fc622ac00c1,taroudantalaan,تارودانت الآن,تارودانت تحتضن الدورة الربيعية للمجلس الإقليمي لحزب الاستقلال برئاسة عبد الصمد قيوح | تارودانت الآن الإخبارية,https://taroudantalaan.ma/politique/%D8%AA%D8%A7%D8%B1%D9%88%D8%AF%D8%A7%D9%86%D8%AA-%D8%AA%D8%AD%D8%AA%D8%B6%D9%86-%D8%A7%D9%84%D8%AF%D9%88%D8%B1%D8%A9-%D8%A7%D9%84%D8%B1%D8%A8%D9%8A%D8%B9%D9%8A%D8%A9-%D9%84%D9%84%D9%85%D8%AC%D9%84,تارودانت الآن الإخبارية,2025-04-23,2026-07-15T19:05:55.352099+00:00,2026-07-15T21:28:33.259955+00:00,ar,في إطار الدينامية التنظيمية لحزب الاستقلال وتعزيز حضوره الترابي، تستعد مدينة تارودانت لاحتضان أشغال الدورة العادية للمجلس الإقليمي للحزب، وذلك يوم الأحد 27 أبريل 2025،,180,"{""region"": ""سوس ماسة"", ""primary_provinces"": [""تارودانت""], ""primary_places"": [""تارودانت""], ""secondary_provinces"": [], ""secondary_places"": []}","{""primary"": [{""id"": ""PI"", ""name"": ""حزب الاستقلال""}], ""secondary"": []}","{""primary"": [{""id"": ""person_004"", ""name"": ""عبد الصمد قيوح"", ""tier"": ""priority""}], ""secondary"": []}","{""primary"": [], ""secondary"": [{""id"": ""elections"", ""name"": ""الانتخابات والاقتراع"", ""hits"": [""الاستحقاقات""]}]}","{""level"": ""medium"", ""geographic_score"": 4, ""political_score"": 3, ""decision_reason"": ""صلة جغرافية وسياسية مقبولة"", ""geographic_reasons"": [""إقليم رئيسي داخل سوس ماسة"", ""مدينة أو مكان رئيسي داخل سوس ماسة""], ""political_reasons"": [""أحزاب رئيسية: حزب الاستقلال"", ""شخصيات رئيسية: عبد الصمد قيوح""], ""accepted"": true}","[{""target_id"": ""PI"", ""target_type"": ""party"", ""target_name"": ""حزب الاستقلال"", ""label"": ""neutral"", ""label_ar"": ""محايد أو إخباري"", ""confidence"": ""medium"", ""positive_score"": 0, ""negative_score"": 0, ""mention_count"": 4, ""editorial_segment_count"": 3, ""reported_segment_count"": 1, ""evidence"": []}, {""target_id"": ""person_004"", ""target_type"": ""person"", ""target_name"": ""عبد الصمد قيوح"", ""label"": ""neutral"", ""label_ar"": ""محايد أو إخباري"", ""confidence"": ""medium"", ""positive_score"": 0, ""negative_score"": 0, ""mention_count"": 2, ""editorial_segment_count"": 1, ""reported_segment_count"": 1, ""evidence"": []}]",evt_f7147fc622ac,2026-07-15T21:28:33.259955+00:00
8d55b97935546875,taroudantalaan,تارودانت الآن,تارودانت.. صراع بحزب البام يدفع رئيس جماعة سيدي دحمان لتقديم استقالته من الحزب | تارودانت الآن الإخبارية,https://taroudantalaan.ma/politique/%D8%AA%D8%A7%D8%B1%D9%88%D8%AF%D8%A7%D9%86%D8%AA-%D8%B5%D8%B1%D8%A7%D8%B9-%D8%A8%D8%AD%D8%B2%D8%A8-%D8%A7%D9%84%D8%A8%D8%A7%D9%85-%D9%8A%D8%AF%D9%81%D8%B9-%D8%B1%D8%A6%D9%8A%D8%B3-%D8%AC%D9%85%D8%A7,تارودانت الآن الإخبارية,2024-11-26,2026-07-15T19:05:55.352099+00:00,2026-07-15T21:28:33.259955+00:00,ar,يعيش حزب الأصالة والمعاصرة بإقليم تارودانت صراعات داخلية، دفعت العديد من أعضائه الفاعلين لتقديم استقالاتهم من الحزب، بعدما أصبح بحسبهم حزب تابع لعائلة معينة تتحكم,390,"{""region"": ""سوس ماسة"", ""primary_provinces"": [""تارودانت""], ""primary_places"": [""تارودانت""], ""secondary_provinces"": [""إنزكان أيت ملول"", ""اشتوكة أيت باها""], ""secondary_places"": [""أيت ملول"", ""إنزكان"", ""ماسة""]}","{""primary"": [{""id"": ""PAM"", ""name"": ""حزب الأصالة والمعاصرة""}], ""secondary"": []}","{""primary"": [{""id"": ""person_014"", ""name"": ""حميد وهبي"", ""tier"": ""priority""}], ""secondary"": [{""id"": ""person_002"", ""name"": ""عبد اللطيف وهبي"", ""tier"": ""priority""}]}","{""primary"": [{""id"": ""resignation_defection"", ""name"": ""الاستقالة وتغيير الانتماء"", ""hits"": [""استقالته"", ""قدم استقالته"", ""استقالة""]}, {""id"": ""alliances_conflicts"", ""name"": ""التحالفات والخلافات السياسية"", ""hits"": [""صراع""]}], ""secondary"": [{""id"": ""elected_councils"", ""name"": ""المجالس المنتخبة والتدبير المحلي"", ""hits"": [""مجلس الجهة"", ""رئيس الجماعة""]}]}","{""level"": ""strong"", ""geographic_score"": 4, ""political_score"": 6, ""decision_reason"": ""صلة جغرافية وسياسية قوية"", ""geographic_reasons"": [""إقليم رئيسي داخل سوس ماسة"", ""مدينة أو مكان رئيسي داخل سوس ماسة""], ""political_reasons"": [""أحزاب رئيسية: حزب الأصالة والمعاصرة"", ""شخصيات رئيسية: حميد وهبي"", ""مواضيع سياسية: الاستقالة وتغيير الانتماء, التحالفات والخلافات السياسية""], ""accepted"": true}","[{""target_id"": ""PAM"", ""target_type"": ""party"", ""target_name"": ""حزب الأصالة والمعاصرة"", ""label"": ""neutral"", ""label_ar"": ""محايد أو إخباري"", ""confidence"": ""medium"", ""positive_score"": 0, ""negative_score"": 0, ""mention_count"": 4, ""editorial_segment_count"": 2, ""reported_segment_count"": 2, ""evidence"": []}, {""target_id"": ""person_014"", ""target_type"": ""person"", ""target_name"": ""حميد وهبي"", ""label"": ""neutral"", ""label_ar"": ""محايد أو إخباري"", ""confidence"": ""low"", ""positive_score"": 0, ""negative_score"": 0, ""mention_count"": 1, ""editorial_segment_count"": 0, ""reported_segment_count"": 1, ""evidence"": []}, {""target_id"": ""person_002"", ""target_type"": ""person"", ""target_name"": ""عبد اللطيف وهبي"", ""label"": ""neutral"", ""label_ar"": ""محايد أو إخباري"", ""confidence"": ""low"", ""positive_score"": 0, ""negative_score"": 0, ""mention_count"": 1, ""editorial_segment_count"": 0, ""reported_segment_count"": 1, ""evidence"": []}]",evt_8d55b9793554,2026-07-15T21:28:33.259955+00:00
67a87854c9baab1d,taroudantalaan,تارودانت الآن,ذكرى المسيرة الخضراء.. نساء حزب الاصالة والمعاصرة بجهة سوس ماسة يحتفين بالملحمة الوطنية,https://taroudantalaan.ma/politique/%D8%B0%D9%83%D8%B1%D9%89-%D8%A7%D9%84%D9%85%D8%B3%D9%8A%D8%B1%D8%A9-%D8%A7%D9%84%D8%AE%D8%B6%D8%B1%D8%A7%D8%A1-%D9%86%D8%B3%D8%A7%D8%A1-%D8%AD%D8%B2%D8%A8-%D8%A7%D9%84%D8%A7%D8%B5%D8%A7%D9%84%D8%A9,تارودانت الآن الإخبارية,2024-11-10,2026-07-15T19:05:55.352099+00:00,2026-07-15T21:28:33.259955+00:00,ar,تخليدا للذكرى ال49 للمسيرة الخضراء، نظم المكتب الجهوي لمنظمة نساء الاصالة والمعاصرة بتنسيق مع الأمانة الإقليمية لتارودانت، احتفال بهذه المناسبة، يوم أمس السبت 9 نونبر,256,"{""region"": ""سوس ماسة"", ""primary_provinces"": [""تارودانت""], ""primary_places"": [""تارودانت""], ""secondary_provinces"": [""اشتوكة أيت باها""], ""secondary_places"": [""ماسة""]}","{""primary"": [{""id"": ""PAM"", ""name"": ""حزب الأصالة والمعاصرة""}], ""secondary"": []}","{""primary"": [], ""secondary"": []}","{""primary"": [], ""secondary"": []}","{""level"": ""medium"", ""geographic_score"": 4, ""political_score"": 2, ""decision_reason"": ""صلة جغرافية وسياسية مقبولة"", ""geographic_reasons"": [""إقليم رئيسي داخل سوس ماسة"", ""مدينة أو مكان رئيسي داخل سوس ماسة""], ""political_reasons"": [""أحزاب رئيسية: حزب الأصالة والمعاصرة""], ""accepted"": true}","[{""target_id"": ""PAM"", ""target_type"": ""party"", ""target_name"": ""حزب الأصالة والمعاصرة"", ""label"": ""neutral"", ""label_ar"": ""محايد أو إخباري"", ""confidence"": ""medium"", ""positive_score"": 0, ""negative_score"": 0, ""mention_count"": 3, ""editorial_segment_count"": 2, ""reported_segment_count"": 1, ""evidence"": []}]",evt_67a87854c9ba,2026-07-15T21:28:33.259955+00:00
